Timestamp,Time_n,Temperature,Humidity
2026-02-23 13:29,0.2703,18.52,25.93
2026-02-23 13:30,0.271,18.5,25.57
2026-02-23 13:31,0.2717,18.61,26.06
2026-02-23 13:32,0.2723,18.78,25.69
2026-02-23 13:33,0.273,18.73,25.83
2026-02-23 13:34,0.2737,18.84,25.75
2026-02-23 13:35,0.2744,18.76,25.73
2026-02-23 13:36,0.2751,18.79,25.75
2026-02-23 13:37,0.2758,18.79,26.23
2026-02-23 13:38,0.2765,18.84,26.35
2026-02-23 13:39,0.2772,18.85,26.56
2026-02-23 13:40,0.2779,18.92,26.2
2026-02-23 13:41,0.2786,18.89,26.54
2026-02-23 13:42,0.2793,18.91,25.97
2026-02-23 13:43,0.28,18.88,25.83
2026-02-23 13:44,0.2807,18.92,25.42
2026-02-23 13:45,0.2814,18.71,25.56
2026-02-23 13:46,0.2821,18.82,25.67
2026-02-23 13:47,0.2828,18.94,25.59
2026-02-23 13:48,0.2835,18.87,25.82
2026-02-23 13:49,0.2842,18.97,25.82
2026-02-23 13:50,0.2849,19,25.7
2026-02-23 13:51,0.2856,18.98,25.58
2026-02-23 13:52,0.2863,18.87,25.57
2026-02-23 13:53,0.2869,18.89,25.79
2026-02-23 13:54,0.2876,19.07,26.39
2026-02-23 13:55,0.2883,19.17,25.28
2026-02-23 13:56,0.289,19.14,25.34
2026-02-23 13:57,0.2897,19.07,25.53
2026-02-23 13:58,0.2904,19,25.58
2026-02-23 13:59,0.2911,19.06,25.81
2026-02-23 14:00,0.2918,19.18,25.9
2026-02-23 14:01,0.2925,18.98,26.1
2026-02-23 14:02,0.2932,19.15,25.63
2026-02-23 14:03,0.2939,19.06,25.99
2026-02-23 14:04,0.2946,19.1,25.71
2026-02-23 14:05,0.2953,19.23,26.12
2026-02-23 14:06,0.296,19.07,26.1
2026-02-23 14:07,0.2967,19.18,25.74
2026-02-23 14:08,0.2974,19.02,25.4
2026-02-23 14:09,0.2981,18.99,25.49
2026-02-23 14:10,0.2988,19.02,25.48
2026-02-23 14:11,0.2995,19,25.78
2026-02-23 14:12,0.3002,19.17,25.41
2026-02-23 14:13,0.3008,19.17,25.54
2026-02-23 14:14,0.3015,19.35,25.11
2026-02-23 14:15,0.3022,19.33,24.91
2026-02-23 14:16,0.3029,19.26,24.89
2026-02-23 14:17,0.3036,19.22,25.23
2026-02-23 14:18,0.3043,19.32,24.93
2026-02-23 14:19,0.305,19.28,25.09
2026-02-23 14:20,0.3057,19.34,25.18
2026-02-23 14:21,0.3064,19.31,24.88
2026-02-23 14:22,0.3071,19.29,24.58
2026-02-23 14:23,0.3078,19.18,24.61
2026-02-23 14:24,0.3085,19.31,25.12
2026-02-23 14:25,0.3092,19.41,24.9
2026-02-23 14:26,0.3099,19.44,25.68
2026-02-23 14:27,0.3106,19.4,24.88
2026-02-23 14:28,0.3113,19.25,24.9
2026-02-23 14:29,0.312,19.3,24.52
2026-02-23 14:30,0.3127,19.24,24.54
2026-02-23 14:31,0.3134,19.33,24.73
2026-02-23 14:32,0.3141,19.28,24.47
2026-02-23 14:33,0.3147,19.43,24.95
2026-02-23 14:34,0.3154,19.31,24.39
2026-02-23 14:35,0.3161,19.29,24.33
2026-02-23 14:36,0.3168,19.32,24.36
2026-02-23 14:37,0.3175,19.29,24.57
2026-02-23 14:38,0.3182,19.27,24.49
2026-02-23 14:39,0.3189,19.29,24.7
2026-02-23 14:40,0.3196,19.32,24.41
2026-02-23 14:41,0.3203,19.16,24.67
2026-02-23 14:42,0.321,19.36,24.96
2026-02-23 14:43,0.3217,19.39,24.73
2026-02-23 14:44,0.3224,19.45,24.76
2026-02-23 14:45,0.3231,19.34,25.17
2026-02-23 14:46,0.3238,19.37,24.58
2026-02-23 14:47,0.3245,19.34,24.57
2026-02-23 14:48,0.3252,19.34,24.86
2026-02-23 14:49,0.3259,19.38,24.62
2026-02-23 14:50,0.3266,19.32,24.54
2026-02-23 14:51,0.3273,19.3,24.8
2026-02-23 14:52,0.328,19.39,24.6
2026-02-23 14:53,0.3287,19.51,24.99
2026-02-23 14:54,0.3294,19.57,25.15
2026-02-23 14:55,0.33,19.37,24.53
2026-02-23 14:56,0.3307,19.39,24.59
2026-02-23 14:57,0.3314,19.47,24.53
2026-02-23 14:58,0.3321,19.48,24.47
2026-02-23 14:59,0.3328,19.51,24.62
2026-02-23 15:00,0.3335,19.5,24.69
2026-02-23 15:01,0.3342,19.5,24.47
2026-02-23 15:02,0.3349,19.54,24.33
2026-02-23 15:03,0.3356,19.43,24.51
2026-02-23 15:04,0.3363,19.45,24.42
2026-02-23 15:05,0.337,19.45,24.22
2026-02-23 15:06,0.3377,19.52,24.1
2026-02-23 15:07,0.3384,19.58,24.07
2026-02-23 15:08,0.3391,19.53,24.01
2026-02-23 15:09,0.3398,19.55,24.13
2026-02-23 15:10,0.3405,19.5,24.11
2026-02-23 15:11,0.3412,19.49,23.94
2026-02-23 15:12,0.3419,19.59,24.22
2026-02-23 15:13,0.3426,19.62,24.22
2026-02-23 15:14,0.3433,19.61,24.06
2026-02-23 15:15,0.3439,19.63,24.06
2026-02-23 15:16,0.3446,19.68,24.77
2026-02-23 15:17,0.3453,19.74,24.47
2026-02-23 15:18,0.346,19.67,24.37
2026-02-23 15:19,0.3467,19.69,24.34
2026-02-23 15:20,0.3474,19.78,24.71
2026-02-23 15:21,0.3481,19.72,24.52
2026-02-23 15:22,0.3488,19.75,24.57
2026-02-23 15:23,0.3495,19.79,24.2
2026-02-23 15:24,0.3502,19.75,24.19
2026-02-23 15:25,0.3509,19.8,23.87
2026-02-23 15:26,0.3516,19.84,24.08
2026-02-23 15:27,0.3523,19.79,24.1
2026-02-23 15:28,0.353,19.72,24.25
2026-02-23 15:29,0.3537,19.76,24.1
2026-02-23 15:30,0.3544,19.8,24.19
2026-02-23 15:31,0.3551,19.79,23.83
2026-02-23 15:32,0.3558,19.87,24.14
2026-02-23 15:33,0.3565,19.89,24.01
2026-02-23 15:34,0.3572,19.92,24.29
2026-02-23 15:35,0.3578,19.89,24.52
2026-02-23 15:36,0.3585,19.89,24.62
2026-02-23 15:37,0.3592,19.86,25.02
2026-02-23 15:38,0.3599,19.81,26.01
2026-02-23 15:39,0.3606,19.77,25.17
2026-02-23 15:40,0.3613,19.78,24.7
2026-02-23 15:41,0.362,19.77,24.01
2026-02-23 15:42,0.3627,19.81,23.91
2026-02-23 15:43,0.3634,19.74,23.91
2026-02-23 15:44,0.3641,19.7,24.82
2026-02-23 15:45,0.3648,19.67,24
2026-02-23 15:46,0.3655,19.71,24.07
2026-02-23 15:47,0.3662,19.74,24.07
2026-02-23 15:48,0.3669,19.79,24.43
2026-02-23 15:49,0.3676,19.91,24.17
2026-02-23 15:50,0.3683,19.92,24.35
2026-02-23 15:51,0.369,19.85,24.42
2026-02-23 15:52,0.3697,19.8,24.78
2026-02-23 15:53,0.3704,19.79,24.27
2026-02-23 15:54,0.3711,19.74,24.57
2026-02-23 15:55,0.3717,19.74,24.71
2026-02-23 15:56,0.3724,19.73,24.75
2026-02-23 15:57,0.3731,19.68,24.22
2026-02-23 15:58,0.3738,19.65,24.52
2026-02-23 15:59,0.3745,19.65,24.28
2026-02-23 16:00,0.3752,19.64,24.33
2026-02-23 16:01,0.3759,19.63,24.31
2026-02-23 16:02,0.3766,19.63,24.46
2026-02-23 16:03,0.3773,19.62,24.48
2026-02-23 16:04,0.378,19.65,24.4
2026-02-23 16:05,0.3787,19.68,24.66
2026-02-23 16:06,0.3794,19.56,24.71
2026-02-23 16:07,0.3801,19.65,24.87
2026-02-23 16:08,0.3808,19.59,24.65
2026-02-23 16:09,0.3815,19.76,24.76
2026-02-23 16:10,0.3822,19.54,24.7
2026-02-23 16:11,0.3829,19.5,24.79
2026-02-23 16:12,0.3836,19.62,25.52
2026-02-23 16:13,0.3843,19.55,25.84
2026-02-23 16:14,0.385,19.54,25.6
2026-02-23 16:15,0.3856,19.58,25.17
2026-02-23 16:16,0.3863,19.64,24.72
2026-02-23 16:17,0.387,19.6,25.32
2026-02-23 16:18,0.3877,19.57,24.94
2026-02-23 16:19,0.3884,19.54,24.78
2026-02-23 16:20,0.3891,19.38,24.82
2026-02-23 16:21,0.3898,19.54,24.89
2026-02-23 16:22,0.3905,19.55,24.86
2026-02-23 16:23,0.3912,19.59,24.74
2026-02-23 16:24,0.3919,19.53,24.75
2026-02-23 16:25,0.3926,19.51,24.67
2026-02-23 16:26,0.3933,19.5,24.97
2026-02-23 16:27,0.394,19.42,24.94
2026-02-23 16:28,0.3947,19.51,24.88
2026-02-23 16:29,0.3954,19.33,25.03
2026-02-23 16:30,0.3961,19.28,25.12
2026-02-23 16:31,0.3968,19.34,25.22
2026-02-23 16:32,0.3975,19.33,25.49
2026-02-23 16:33,0.3982,19.4,25.23
2026-02-23 16:34,0.3989,19.35,25.04
2026-02-23 16:35,0.3995,19.31,24.98
2026-02-23 16:36,0.4002,19.48,25.22
2026-02-23 16:37,0.4009,19.59,24.52
2026-02-23 16:38,0.4016,19.45,24.93
2026-02-23 16:39,0.4023,19.58,24.66
2026-02-23 16:40,0.403,19.64,24.83
2026-02-23 16:41,0.4037,19.57,25.04
2026-02-23 16:42,0.4044,19.52,25.27
2026-02-23 16:43,0.4051,19.52,24.83
2026-02-23 16:44,0.4058,19.34,25.02
2026-02-23 16:45,0.4065,19.03,25.28
2026-02-23 16:46,0.4072,18.91,25.25
2026-02-23 16:47,0.4079,18.99,25.28
2026-02-23 16:48,0.4086,19,25.43
2026-02-23 16:49,0.4093,19.18,25.26
2026-02-23 16:50,0.41,18.91,25.43
2026-02-23 16:51,0.4107,18.8,26
2026-02-23 16:52,0.4114,18.9,26.45
2026-02-23 16:53,0.4121,18.94,26.3
2026-02-23 16:54,0.4128,18.66,26.12
2026-02-23 16:55,0.4134,19.05,25.74
2026-02-23 16:56,0.4141,18.91,25.67
2026-02-23 16:57,0.4148,18.74,25.88
2026-02-23 16:58,0.4155,18.83,25.48
2026-02-23 16:59,0.4162,18.81,25.42
2026-02-23 17:00,0.4169,19.09,25.23
2026-02-23 17:01,0.4176,19.05,25.34
2026-02-23 17:02,0.4183,18.9,25.36
2026-02-23 17:03,0.419,19.01,25.64
2026-02-23 17:04,0.4197,18.68,26.08
2026-02-23 17:05,0.4204,18.73,26.07
2026-02-23 17:06,0.4211,18.72,25.69
2026-02-23 17:07,0.4218,18.56,25.74
2026-02-23 17:08,0.4225,18.95,25.52
2026-02-23 17:09,0.4232,18.92,25.93
2026-02-23 17:10,0.4239,19.04,25.35
2026-02-23 17:11,0.4246,19.1,25.42
2026-02-23 17:12,0.4253,19.07,25.55
2026-02-23 17:13,0.426,19.09,25.62
2026-02-23 17:14,0.4267,18.83,25.56
2026-02-23 17:15,0.4273,18.89,25.75
2026-02-23 17:16,0.428,18.86,25.77
2026-02-23 17:17,0.4287,18.84,25.74
2026-02-23 17:18,0.4294,18.83,25.91
2026-02-23 17:19,0.4301,18.83,25.69
2026-02-23 17:20,0.4308,18.75,25.73
2026-02-23 17:21,0.4315,18.59,25.62
2026-02-23 17:22,0.4322,18.8,25.68
2026-02-23 17:23,0.4329,18.78,25.69
2026-02-23 17:24,0.4336,18.68,25.96
2026-02-23 17:25,0.4343,18.78,25.73
2026-02-23 17:26,0.435,18.79,25.67
2026-02-23 17:27,0.4357,18.89,25.56
2026-02-23 17:28,0.4364,18.92,25.73
2026-02-23 17:29,0.4371,18.9,25.7
2026-02-23 17:30,0.4378,18.82,26.02
2026-02-23 17:31,0.4385,18.74,26.17
2026-02-23 17:32,0.4392,18.57,26
2026-02-23 17:33,0.4399,18.19,26.54
2026-02-23 17:34,0.4406,17.97,26.41
2026-02-23 17:35,0.4412,17.92,26.78
2026-02-23 17:36,0.4419,17.85,26.7
2026-02-23 17:37,0.4426,17.78,26.6
2026-02-23 17:38,0.4433,17.82,26.54
2026-02-23 17:39,0.444,17.63,26.72
2026-02-23 17:40,0.4447,17.48,27
2026-02-23 17:41,0.4454,17.6,27.16
2026-02-23 17:42,0.4461,17.62,27.16
2026-02-23 17:43,0.4468,17.53,27.33
2026-02-23 17:44,0.4475,17.56,27.01
2026-02-23 17:45,0.4482,17.5,27.07
2026-02-23 17:46,0.4489,17.43,27.39
2026-02-23 17:47,0.4496,17.5,27.22
2026-02-23 17:48,0.4503,17.46,27.63
2026-02-23 17:49,0.451,17.35,27.49
2026-02-23 17:50,0.4517,17.22,27.52
2026-02-23 17:51,0.4524,17.13,27.61
2026-02-23 17:52,0.4531,17.07,27.71
2026-02-23 17:53,0.4538,17,27.79
2026-02-23 17:54,0.4545,16.9,28.02
2026-02-23 17:55,0.4552,16.88,28.05
2026-02-23 17:56,0.4558,16.88,28.07
2026-02-23 17:57,0.4565,16.8,28.27
2026-02-23 17:58,0.4572,16.74,28.4
2026-02-23 17:59,0.4579,16.77,28.17
2026-02-23 18:00,0.4586,16.78,28.83
2026-02-23 18:01,0.4593,16.82,29.36
2026-02-23 18:02,0.46,16.79,28.96
2026-02-23 18:03,0.4607,16.57,29.34
2026-02-23 18:04,0.4614,16.65,29.25
2026-02-23 18:05,0.4621,16.53,29.84
2026-02-23 18:06,0.4628,16.48,29.57
2026-02-23 18:07,0.4635,16.49,29.31
2026-02-23 18:08,0.4642,16.5,29.51
2026-02-23 18:09,0.4649,16.47,29.13
2026-02-23 18:10,0.4656,16.45,29.35
2026-02-23 18:11,0.4663,16.52,29.4
2026-02-23 18:12,0.467,16.46,29.31
2026-02-23 18:13,0.4677,16.43,29.36
2026-02-23 18:14,0.4684,16.34,29.61
2026-02-23 18:15,0.4691,16.32,29.68
2026-02-23 18:16,0.4697,16.32,29.71
2026-02-23 18:17,0.4704,16.38,30.45
2026-02-23 18:18,0.4711,16.36,30.34
2026-02-23 18:19,0.4718,16.38,30.18
2026-02-23 18:20,0.4725,16.4,30.71
2026-02-23 18:21,0.4732,16.4,29.91
2026-02-23 18:22,0.4739,16.33,30.36
2026-02-23 18:23,0.4746,16.3,29.92
2026-02-23 18:24,0.4753,16.21,30.05
2026-02-23 18:25,0.476,16.15,30.46
2026-02-23 18:26,0.4767,16.15,30.06
2026-02-23 18:27,0.4774,16.08,29.72
2026-02-23 18:28,0.4781,16.08,29.76
2026-02-23 18:29,0.4788,16.06,29.78
2026-02-23 18:30,0.4795,16.02,29.75
2026-02-23 18:31,0.4802,15.99,29.86
2026-02-23 18:32,0.4809,15.99,30.16
2026-02-23 18:33,0.4816,15.97,30.23
2026-02-23 18:34,0.4823,16.11,30.76
2026-02-23 18:35,0.483,16.08,30.78
2026-02-23 18:36,0.4836,16.06,30.44
2026-02-23 18:37,0.4843,15.99,30.2
2026-02-23 18:38,0.485,15.98,30.3
2026-02-23 18:39,0.4857,15.95,30.34
2026-02-23 18:40,0.4864,15.89,30.5
2026-02-23 18:41,0.4871,15.85,30.27
2026-02-23 18:42,0.4878,15.84,30.05
2026-02-23 18:43,0.4885,15.84,29.9
2026-02-23 18:44,0.4892,15.83,30
2026-02-23 18:45,0.4899,15.8,30.38
2026-02-23 18:46,0.4906,15.8,30.5
2026-02-23 18:47,0.4913,15.92,30.99
2026-02-23 18:48,0.492,15.88,30.93
2026-02-23 18:49,0.4927,15.8,31.21
2026-02-23 18:50,0.4934,15.78,31.68
2026-02-23 18:51,0.4941,15.85,32.36
2026-02-23 18:52,0.4948,15.87,32.08
2026-02-23 18:53,0.4955,15.88,31.22
2026-02-23 18:54,0.4962,15.8,30.9
2026-02-23 18:55,0.4969,15.75,30.93
2026-02-23 18:56,0.4975,15.76,30.74
2026-02-23 18:57,0.4983,15.76,30.81
2026-02-23 18:58,0.4989,15.76,31.55
2026-02-23 18:59,0.4996,15.71,31.52
2026-02-23 19:00,0.5003,15.68,31.65
2026-02-23 19:01,0.501,15.72,32.62
2026-02-23 19:02,0.5017,15.81,32.6
2026-02-23 19:03,0.5024,15.79,32.64
2026-02-23 19:04,0.5031,15.74,32.77
2026-02-23 19:05,0.5038,15.71,32.61
2026-02-23 19:06,0.5045,15.71,32.64
2026-02-23 19:07,0.5052,15.63,32.24
2026-02-23 19:08,0.5059,15.7,33.16
2026-02-23 19:09,0.5066,15.54,34.73
2026-02-23 19:10,0.5073,15.48,33.82
2026-02-23 19:11,0.508,15.33,34.71
2026-02-23 19:12,0.5087,15.35,34.55
2026-02-23 19:13,0.5094,15.36,33.82
2026-02-23 19:14,0.5101,15.44,34.43
2026-02-23 19:15,0.5108,15.53,33.72
2026-02-23 19:16,0.5115,15.56,33.37
2026-02-23 19:17,0.5122,15.48,33.88
2026-02-23 19:18,0.5128,15.46,33.34
2026-02-23 19:19,0.5135,15.42,32.98
2026-02-23 19:20,0.5142,15.36,33.31
2026-02-23 19:21,0.5149,15.41,34.88
2026-02-23 19:22,0.5156,15.3,33.98
2026-02-23 19:23,0.5163,15.29,33.67
2026-02-23 19:24,0.517,15.34,34.08
2026-02-23 19:25,0.5177,15.35,33.32
2026-02-23 19:26,0.5184,15.37,33.38
2026-02-23 19:27,0.5191,15.28,33.79
2026-02-23 19:28,0.5198,15.34,32.71
2026-02-23 19:29,0.5205,15.29,34.38
2026-02-23 19:30,0.5212,15.38,32.99
2026-02-23 19:31,0.5219,15.27,33.02
2026-02-23 19:32,0.5226,15.19,33.04
2026-02-23 19:33,0.5233,15.13,33.3
2026-02-23 19:34,0.524,15.11,33.42
2026-02-23 19:35,0.5247,15.22,33.18
2026-02-23 19:36,0.5254,15.13,33.21
2026-02-23 19:37,0.5261,15.14,33.13
2026-02-23 19:38,0.5267,15.08,33.25
2026-02-23 19:39,0.5274,15.08,33.24
2026-02-23 19:40,0.5281,15.15,33.51
2026-02-23 19:41,0.5288,15.31,33.35
2026-02-23 19:42,0.5295,15.3,34.2
2026-02-23 19:43,0.5302,15.28,34.18
2026-02-23 19:44,0.5309,15.2,33.63
2026-02-23 19:45,0.5316,15.09,33.79
2026-02-23 19:46,0.5323,15.05,34.03
2026-02-23 19:47,0.533,15.06,33.67
2026-02-23 19:48,0.5337,15.02,33.61
2026-02-23 19:49,0.5344,14.95,33.52
2026-02-23 19:50,0.5351,14.91,33.93
2026-02-23 19:51,0.5358,14.99,34.11
2026-02-23 19:52,0.5365,14.93,34.42
2026-02-23 19:53,0.5372,14.93,34.24
2026-02-23 19:54,0.5379,14.93,33.97
2026-02-23 19:55,0.5386,14.98,33.95
2026-02-23 19:56,0.5393,14.95,34.05
2026-02-23 19:57,0.54,15.05,33.94
2026-02-23 19:58,0.5406,14.98,33.94
2026-02-23 19:59,0.5413,15.06,34.06
2026-02-23 20:00,0.542,15,34.67
2026-02-23 20:01,0.5427,14.94,34.33
2026-02-23 20:02,0.5434,14.92,34.37
2026-02-23 20:03,0.5441,14.88,34.65
2026-02-23 20:04,0.5448,14.86,34.46
2026-02-23 20:05,0.5455,14.78,35.17
2026-02-23 20:06,0.5462,14.67,35.22
2026-02-23 20:07,0.5469,14.68,34.67
2026-02-23 20:08,0.5476,14.73,34.17
2026-02-23 20:09,0.5483,14.7,34.23
2026-02-23 20:10,0.549,14.73,34.26
2026-02-23 20:11,0.5497,14.75,34.02
2026-02-23 20:12,0.5504,14.83,34.14
2026-02-23 20:13,0.5511,14.78,33.85
2026-02-23 20:14,0.5518,14.7,34
2026-02-23 20:15,0.5525,14.66,34.38
2026-02-23 20:16,0.5532,14.68,34.34
2026-02-23 20:17,0.5539,14.77,35.1
2026-02-23 20:18,0.5545,14.69,35.65
2026-02-23 20:19,0.5552,14.57,35.19
2026-02-23 20:20,0.5559,14.82,35.04
2026-02-23 20:21,0.5566,14.76,35.32
2026-02-23 20:22,0.5573,14.73,35.56
2026-02-23 20:23,0.558,14.74,36.31
2026-02-23 20:24,0.5587,14.67,36.7
2026-02-23 20:25,0.5594,14.68,37.11
2026-02-23 20:26,0.5601,14.61,37.05
2026-02-23 20:27,0.5608,14.68,37.31
2026-02-23 20:28,0.5615,14.68,37.35
2026-02-23 20:29,0.5622,14.55,37.73
2026-02-23 20:30,0.5629,14.52,37.85
2026-02-23 20:31,0.5636,14.5,38.12
2026-02-23 20:32,0.5643,14.48,38.18
2026-02-23 20:33,0.565,14.47,38.54
2026-02-23 20:34,0.5657,14.48,38.59
2026-02-23 20:35,0.5664,14.55,38.58
2026-02-23 20:36,0.5671,14.44,38.75
2026-02-23 20:37,0.5678,14.47,38.66
2026-02-23 20:38,0.5684,14.52,38.69
2026-02-23 20:39,0.5691,14.66,38.2
2026-02-23 20:40,0.5698,14.63,38.09
2026-02-23 20:41,0.5705,14.57,38.1
2026-02-23 20:42,0.5712,14.45,38.15
2026-02-23 20:43,0.5719,14.38,38.22
2026-02-23 20:44,0.5726,14.36,38.12
2026-02-23 20:45,0.5733,14.39,38.13
2026-02-23 20:46,0.574,14.17,46.04
2026-02-23 20:47,0.5747,14.14,40.85
2026-02-23 20:48,0.5754,14.23,38.97
2026-02-23 20:49,0.5761,14.21,38.81
2026-02-23 20:50,0.5768,14.19,39.1
2026-02-23 20:51,0.5775,14.2,39.12
2026-02-23 20:52,0.5782,14.21,38.8
2026-02-23 20:53,0.5789,14.22,38.83
2026-02-23 20:54,0.5796,14.2,38.73
2026-02-23 20:55,0.5803,14.18,38.61
2026-02-23 20:56,0.581,14.29,37.7
2026-02-23 20:57,0.5817,14.46,37.28
2026-02-23 20:58,0.5823,14.45,37.36
2026-02-23 20:59,0.583,14.38,37.57
2026-02-23 21:00,0.5837,14.31,38.12
2026-02-23 21:01,0.5844,14.26,37.5
2026-02-23 21:02,0.5851,14.51,37.08
2026-02-23 21:03,0.5858,14.45,37.23
2026-02-23 21:04,0.5865,14.54,37.39
2026-02-23 21:05,0.5872,14.31,37.64
2026-02-23 21:06,0.5879,14.25,37.84
2026-02-23 21:07,0.5886,14.24,37.95
2026-02-23 21:08,0.5893,14.25,37.67
2026-02-23 21:09,0.59,14.31,37.64
2026-02-23 21:10,0.5907,14.22,37.56
2026-02-23 21:11,0.5914,14.28,37.38
2026-02-23 21:12,0.5921,14.2,37.72
2026-02-23 21:13,0.5928,14.03,38.08
2026-02-23 21:14,0.5935,14.03,38.09
2026-02-23 21:15,0.5942,13.92,38.39
2026-02-23 21:16,0.5949,13.88,39
2026-02-23 21:17,0.5956,13.8,39.42
2026-02-23 21:18,0.5962,13.91,38.85
2026-02-23 21:19,0.5969,13.92,39.26
2026-02-23 21:20,0.5976,13.83,39.18
2026-02-23 21:21,0.5983,13.84,39.61
2026-02-23 21:22,0.599,13.96,38.9
2026-02-23 21:23,0.5997,13.89,39.41
2026-02-23 21:24,0.6004,13.88,39.59
2026-02-23 21:25,0.6011,13.92,39.41
2026-02-23 21:26,0.6018,13.86,38.75
2026-02-23 21:27,0.6025,13.96,38.87
2026-02-23 21:28,0.6032,13.85,39.64
2026-02-23 21:29,0.6039,13.85,39.28
2026-02-23 21:30,0.6046,13.9,39.56
2026-02-23 21:31,0.6053,13.95,38.48
2026-02-23 21:32,0.606,14.04,38.57
2026-02-23 21:33,0.6067,14.45,37.93
2026-02-23 21:34,0.6074,14.64,37.86
2026-02-23 21:35,0.6081,14.79,37.69
2026-02-23 21:36,0.6088,14.57,38.01
2026-02-23 21:37,0.6095,14.45,38.51
2026-02-23 21:38,0.6102,14.47,38.11
2026-02-23 21:39,0.6108,14.61,38.27
2026-02-23 21:40,0.6115,14.59,38.66
2026-02-23 21:41,0.6122,14.65,38.7
2026-02-23 21:42,0.6129,14.74,38.33
2026-02-23 21:43,0.6136,14.52,38.9
2026-02-23 21:44,0.6143,14.59,38.76
2026-02-23 21:45,0.615,14.63,38.48
2026-02-23 21:46,0.6157,14.56,38.6
2026-02-23 21:47,0.6164,14.6,39.32
2026-02-23 21:48,0.6171,14.27,38.66
2026-02-23 21:49,0.6178,14.2,39.09
2026-02-23 21:50,0.6185,14.08,39.57
2026-02-23 21:51,0.6192,14.2,39.23
2026-02-23 21:52,0.6199,13.97,41.15
2026-02-23 21:53,0.6206,13.81,42.59
2026-02-23 21:54,0.6213,13.91,41.05
2026-02-23 21:55,0.622,13.84,40.57
2026-02-23 21:56,0.6227,14.31,39.27
2026-02-23 21:57,0.6234,14.38,39.29
2026-02-23 21:58,0.6241,14.54,38.57
2026-02-23 21:59,0.6248,14.5,39.08
2026-02-23 22:00,0.6255,14.57,38.49
2026-02-23 22:01,0.6261,14.55,38.47
2026-02-23 22:02,0.6268,14.53,41.34
2026-02-23 22:03,0.6275,14.34,39.21
2026-02-23 22:04,0.6282,14.07,39.71
2026-02-23 22:05,0.6289,14.42,39.5
2026-02-23 22:06,0.6296,14.16,40.05
2026-02-23 22:07,0.6303,14.2,39.76
2026-02-23 22:08,0.631,14.18,39.93
2026-02-23 22:09,0.6317,14.08,40.88
2026-02-23 22:10,0.6324,14.02,41.02
2026-02-23 22:11,0.6331,14.05,41.27
2026-02-23 22:12,0.6338,14.08,40.72
2026-02-23 22:13,0.6345,13.88,41.08
2026-02-23 22:14,0.6352,13.95,41.16
2026-02-23 22:15,0.6359,14.06,41.24
2026-02-23 22:16,0.6366,14.01,41.48
2026-02-23 22:17,0.6373,13.68,41.87
2026-02-23 22:18,0.638,13.93,41.53
2026-02-23 22:19,0.6387,13.82,41.7
2026-02-23 22:20,0.6394,13.85,41.55
2026-02-23 22:21,0.64,13.51,42.11
2026-02-23 22:22,0.6407,13.55,42.47
2026-02-23 22:23,0.6414,13.75,41.26
2026-02-23 22:24,0.6421,13.89,41.24
2026-02-23 22:25,0.6428,14.01,41.1
2026-02-23 22:26,0.6435,14.08,40.87
2026-02-23 22:27,0.6442,13.57,41.74
2026-02-23 22:28,0.6449,13.65,41.59
2026-02-23 22:29,0.6456,13.76,41.55
2026-02-23 22:30,0.6463,13.84,41.35
2026-02-23 22:31,0.647,13.89,41.5
2026-02-23 22:32,0.6477,13.92,41.7
2026-02-23 22:33,0.6484,13.93,41.83
2026-02-23 22:34,0.6491,13.58,45.42
2026-02-23 22:35,0.6498,13.55,43.34
2026-02-23 22:36,0.6505,13.47,43.25
2026-02-23 22:37,0.6512,13.68,43.18
2026-02-23 22:38,0.6519,13.67,43.09
2026-02-23 22:39,0.6526,13.74,42.88
2026-02-23 22:40,0.6533,13.72,42.56
2026-02-23 22:41,0.6539,13.72,42.47
2026-02-23 22:42,0.6546,13.46,42.84
2026-02-23 22:43,0.6553,12.61,46.02
2026-02-23 22:44,0.656,12.96,45.16
2026-02-23 22:45,0.6567,13.2,44.31
2026-02-23 22:46,0.6574,13.25,43.25
2026-02-23 22:47,0.6581,13.54,43.03
2026-02-23 22:48,0.6588,13.6,43.09
2026-02-23 22:49,0.6595,13.65,43.13
2026-02-23 22:50,0.6602,13.78,42.88
2026-02-23 22:51,0.6609,13.56,43.13
2026-02-23 22:52,0.6616,13.59,43.15
2026-02-23 22:53,0.6623,13.58,43.75
2026-02-23 22:54,0.663,13.29,44.18
2026-02-23 22:55,0.6637,13.06,47.9
2026-02-23 22:56,0.6644,13.14,45.1
2026-02-23 22:57,0.6651,13.17,44.73
2026-02-23 22:58,0.6658,13.26,44.26
2026-02-23 22:59,0.6665,13.41,44.16
2026-02-23 23:00,0.6672,13.39,44.2
2026-02-23 23:01,0.6678,13.37,44.2
2026-02-23 23:02,0.6685,13.22,44.53
2026-02-23 23:03,0.6692,13.14,44.84
2026-02-23 23:04,0.6699,12.77,46.01
2026-02-23 23:05,0.6706,13.03,44.8
2026-02-23 23:06,0.6713,13.14,45.05
2026-02-23 23:07,0.672,13.07,45.05
2026-02-23 23:08,0.6727,13.02,45.02
2026-02-23 23:09,0.6734,12.98,45
2026-02-23 23:10,0.6741,12.98,45.05
2026-02-23 23:11,0.6748,13.15,44.75
2026-02-23 23:12,0.6755,13.21,44.56
2026-02-23 23:13,0.6762,13.13,44.79
2026-02-23 23:14,0.6769,13.2,44.59
2026-02-23 23:15,0.6776,13.18,44.93
2026-02-23 23:16,0.6783,12.94,46.4
2026-02-23 23:17,0.679,12.98,46
2026-02-23 23:18,0.6797,12.54,46.51
2026-02-23 23:19,0.6804,12.27,47
2026-02-23 23:20,0.6811,12.27,47.15
2026-02-23 23:21,0.6817,12.31,47.14
2026-02-23 23:22,0.6824,12.28,47.16
2026-02-23 23:23,0.6831,12.61,46.13
2026-02-23 23:24,0.6838,12.72,45.89
2026-02-23 23:25,0.6845,12.72,45.58
2026-02-23 23:26,0.6852,12.61,45.69
2026-02-23 23:27,0.6859,12.5,45.69
2026-02-23 23:28,0.6866,12.4,46.11
2026-02-23 23:29,0.6873,12.43,45.8
2026-02-23 23:30,0.688,12.4,45.6
2026-02-23 23:31,0.6887,12.43,45.53
2026-02-23 23:32,0.6894,12.39,45.97
2026-02-23 23:33,0.6901,12.28,46.47
2026-02-23 23:34,0.6908,12.21,46.88
2026-02-23 23:35,0.6915,12.27,46.31
2026-02-23 23:36,0.6922,12.37,46.99
2026-02-23 23:37,0.6929,12.31,46.5
2026-02-23 23:38,0.6936,12.28,46.23
2026-02-23 23:39,0.6943,12.3,46.62
2026-02-23 23:40,0.695,12.41,46.6
2026-02-23 23:41,0.6956,12.51,47.19
2026-02-23 23:42,0.6963,12.48,46.27
2026-02-23 23:43,0.697,12.38,46.86
2026-02-23 23:44,0.6977,12.36,46.41
2026-02-23 23:45,0.6984,12.39,46.32
2026-02-23 23:46,0.6991,12,48.66
2026-02-23 23:47,0.6998,11.85,48.79
2026-02-23 23:48,0.7005,11.77,49.58
2026-02-23 23:49,0.7012,11.7,49.48
2026-02-23 23:50,0.7019,11.87,49.86
2026-02-23 23:51,0.7026,12.16,47.17
2026-02-23 23:52,0.7033,12.34,45.95
2026-02-23 23:53,0.704,12.52,45.38
2026-02-23 23:54,0.7047,12.56,45.55
2026-02-23 23:55,0.7054,12.44,45.76
2026-02-23 23:56,0.7061,12.48,46.21
2026-02-23 23:57,0.7068,12.46,46.67
2026-02-23 23:58,0.7075,12.52,46.25
2026-02-23 23:59,0.7082,12.49,46.49
2026-02-24 0:00,0.7089,12.47,46.29
2026-02-24 0:01,0.7095,12.55,45.21
2026-02-24 0:02,0.7102,12.59,45.2
2026-02-24 0:03,0.7109,12.49,45.18
2026-02-24 0:04,0.7116,12.49,44.94
2026-02-24 0:05,0.7123,12.44,44.95
2026-02-24 0:06,0.713,12.4,44.96
2026-02-24 0:07,0.7137,12.33,45.14
2026-02-24 0:08,0.7144,12.43,45.42
2026-02-24 0:09,0.7151,12.25,45.86
2026-02-24 0:10,0.7158,12.25,46.15
2026-02-24 0:11,0.7165,12.28,46.18
2026-02-24 0:12,0.7172,12.12,46.72
2026-02-24 0:13,0.7179,12.39,45.82
2026-02-24 0:14,0.7186,12.43,45.88
2026-02-24 0:15,0.7193,12.4,46.13
2026-02-24 0:16,0.72,12.15,46.42
2026-02-24 0:17,0.7207,12.16,45.9
2026-02-24 0:18,0.7214,12.22,45.85
2026-02-24 0:19,0.7221,12.17,45.61
2026-02-24 0:20,0.7228,12.17,45.02
2026-02-24 0:21,0.7234,12.05,45.28
2026-02-24 0:22,0.7241,12.12,46.26
2026-02-24 0:23,0.7248,12.1,46.56
2026-02-24 0:24,0.7255,12.17,46.73
2026-02-24 0:25,0.7262,12.33,46
2026-02-24 0:26,0.7269,12.38,45.32
2026-02-24 0:27,0.7276,12.25,44.91
2026-02-24 0:28,0.7283,12.12,44.72
2026-02-24 0:29,0.729,12.15,44.54
2026-02-24 0:30,0.7297,12.11,44.79
2026-02-24 0:31,0.7304,12.35,44.32
2026-02-24 0:32,0.7311,12.5,43.76
2026-02-24 0:33,0.7318,12.3,43.91
2026-02-24 0:34,0.7325,12.29,43.95
2026-02-24 0:35,0.7332,12.26,44.08
2026-02-24 0:36,0.7339,12.32,44.09
2026-02-24 0:37,0.7346,12.21,44.26
2026-02-24 0:38,0.7353,12.33,43.72
2026-02-24 0:39,0.736,12.24,43.71
2026-02-24 0:40,0.7367,12.19,44.13
2026-02-24 0:41,0.7373,12.08,44.93
2026-02-24 0:42,0.738,12.04,45.35
2026-02-24 0:43,0.7387,12.11,45.5
2026-02-24 0:44,0.7394,12.13,45.45
2026-02-24 0:45,0.7401,12.28,44.09
2026-02-24 0:46,0.7408,12.3,44.19
2026-02-24 0:47,0.7415,12.28,44.22
2026-02-24 0:48,0.7422,12.3,44.23
2026-02-24 0:49,0.7429,12.29,44.61
2026-02-24 0:50,0.7436,11.94,45.12
2026-02-24 0:51,0.7443,11.71,47.29
2026-02-24 0:52,0.745,11.66,46.57
2026-02-24 0:53,0.7457,11.69,46.5
2026-02-24 0:54,0.7464,11.78,46.2
2026-02-24 0:55,0.7471,11.86,45.77
2026-02-24 0:56,0.7478,11.87,45.27
2026-02-24 0:57,0.7485,11.94,44.94
2026-02-24 0:58,0.7492,11.85,44.96
2026-02-24 0:59,0.7499,11.8,45.82
2026-02-24 1:00,0.7506,11.71,46.26
2026-02-24 1:01,0.7512,11.77,46.29
2026-02-24 1:02,0.7519,11.72,46.4
2026-02-24 1:03,0.7526,11.71,46.55
2026-02-24 1:04,0.7533,11.68,47.74
2026-02-24 1:05,0.754,11.84,47.27
2026-02-24 1:06,0.7547,11.89,46.98
2026-02-24 1:07,0.7554,11.72,46.98
2026-02-24 1:08,0.7561,11.68,46.74
2026-02-24 1:09,0.7568,11.57,47.45
2026-02-24 1:10,0.7575,11.7,47.16
2026-02-24 1:11,0.7582,11.77,46.77
2026-02-24 1:12,0.7589,11.64,47.44
2026-02-24 1:13,0.7596,11.43,48.21
2026-02-24 1:14,0.7603,11.44,47.91
2026-02-24 1:15,0.761,11.47,47.87
2026-02-24 1:16,0.7617,11.32,48.2
2026-02-24 1:17,0.7624,11.42,47.94
2026-02-24 1:18,0.7631,11.44,47.93
2026-02-24 1:19,0.7638,11.38,48.07
2026-02-24 1:20,0.7645,11.65,46.73
2026-02-24 1:21,0.7652,11.67,46.44
2026-02-24 1:22,0.7658,11.6,47.53
2026-02-24 1:23,0.7665,11.61,47.95
2026-02-24 1:24,0.7672,11.33,48.11
2026-02-24 1:25,0.7679,11.22,48.51
2026-02-24 1:26,0.7686,11.14,49.08
2026-02-24 1:27,0.7693,11.29,47.83
2026-02-24 1:28,0.77,11.51,46.99
2026-02-24 1:29,0.7707,11.61,46.67
2026-02-24 1:30,0.7714,11.54,46.91
2026-02-24 1:31,0.7721,11.54,47.43
2026-02-24 1:32,0.7728,11.49,46.81
2026-02-24 1:33,0.7735,11.33,47.29
2026-02-24 1:34,0.7742,11.31,47.21
2026-02-24 1:35,0.7749,11.45,46.78
2026-02-24 1:36,0.7756,11.51,46.86
2026-02-24 1:37,0.7763,11.5,47.06
2026-02-24 1:38,0.777,11.53,46.85
2026-02-24 1:39,0.7777,11.59,46.4
2026-02-24 1:40,0.7784,11.57,46.47
2026-02-24 1:41,0.7791,11.47,46.66
2026-02-24 1:42,0.7797,11.46,46.64
2026-02-24 1:43,0.7805,11.39,47.36
2026-02-24 1:44,0.7811,11.36,47.39
2026-02-24 1:45,0.7818,11.23,47.58
2026-02-24 1:46,0.7825,11.26,47.76
2026-02-24 1:47,0.7832,11.24,48.31
2026-02-24 1:48,0.7839,11.21,48.16
2026-02-24 1:49,0.7846,11.19,47.87
2026-02-24 1:50,0.7853,11.16,48.06
2026-02-24 1:51,0.786,11.16,48.26
2026-02-24 1:52,0.7867,11.08,48.77
2026-02-24 1:53,0.7874,10.82,50.07
2026-02-24 1:54,0.7881,10.77,49.97
2026-02-24 1:55,0.7888,11,48.86
2026-02-24 1:56,0.7895,11.26,47.99
2026-02-24 1:57,0.7902,11.35,47.67
2026-02-24 1:58,0.7909,11.2,48.12
2026-02-24 1:59,0.7916,11.08,49.06
2026-02-24 2:00,0.7923,11.06,48.61
2026-02-24 2:01,0.793,11.09,49.14
2026-02-24 2:02,0.7937,11.04,50.15
2026-02-24 2:03,0.7944,11.13,48.61
2026-02-24 2:04,0.795,11.12,49.04
2026-02-24 2:05,0.7957,11.15,48.27
2026-02-24 2:06,0.7964,11.1,48.63
2026-02-24 2:07,0.7971,10.7,49.75
2026-02-24 2:08,0.7978,10.79,49.35
2026-02-24 2:09,0.7985,10.92,49.08
2026-02-24 2:10,0.7992,11,49.08
2026-02-24 2:11,0.7999,11.02,49.48
2026-02-24 2:12,0.8006,11.08,49.25
2026-02-24 2:13,0.8013,11.19,48.68
2026-02-24 2:14,0.802,11.16,48.29
2026-02-24 2:15,0.8027,11.06,48.5
2026-02-24 2:16,0.8034,11.03,49.45
2026-02-24 2:17,0.8041,11.03,50.62
2026-02-24 2:18,0.8048,10.97,50.36
2026-02-24 2:19,0.8055,11.04,49.01
2026-02-24 2:20,0.8062,11.06,48.96
2026-02-24 2:21,0.8069,11.02,48.99
2026-02-24 2:22,0.8076,10.96,50.82
2026-02-24 2:23,0.8083,10.84,50.66
2026-02-24 2:24,0.8089,10.74,50.88
2026-02-24 2:25,0.8096,10.89,51.54
2026-02-24 2:26,0.8103,10.86,51.11
2026-02-24 2:27,0.811,10.81,50.78
2026-02-24 2:28,0.8117,10.81,50.68
2026-02-24 2:29,0.8124,10.77,50.18
2026-02-24 2:30,0.8131,10.98,49.84
2026-02-24 2:31,0.8138,11.01,49.89
2026-02-24 2:32,0.8145,10.7,50.71
2026-02-24 2:33,0.8152,10.49,51
2026-02-24 2:34,0.8159,10.63,51.67
2026-02-24 2:35,0.8166,10.72,50.95
2026-02-24 2:36,0.8173,10.75,51.16
2026-02-24 2:37,0.818,10.82,51.11
2026-02-24 2:38,0.8187,10.89,50.06
2026-02-24 2:39,0.8194,10.76,50.83
2026-02-24 2:40,0.8201,10.64,50.73
2026-02-24 2:41,0.8208,10.65,50.83
2026-02-24 2:42,0.8215,10.6,51.02
2026-02-24 2:43,0.8222,10.65,50.63
2026-02-24 2:44,0.8228,10.69,50.55
2026-02-24 2:45,0.8235,10.47,51.92
2026-02-24 2:46,0.8242,10.34,52.57
2026-02-24 2:47,0.8249,10.34,52.51
2026-02-24 2:48,0.8256,10.44,51.77
2026-02-24 2:49,0.8263,10.47,51.3
2026-02-24 2:50,0.827,10.46,51.45
2026-02-24 2:51,0.8277,10.55,50.95
2026-02-24 2:52,0.8284,10.64,50.74
2026-02-24 2:53,0.8291,10.64,50.65
2026-02-24 2:54,0.8298,10.65,50.68
2026-02-24 2:55,0.8305,10.54,50.97
2026-02-24 2:56,0.8312,10.36,51.4
2026-02-24 2:57,0.8319,10.36,51.47
2026-02-24 2:58,0.8326,10.38,51.75
2026-02-24 2:59,0.8333,10.69,50.67
2026-02-24 3:00,0.834,10.51,51.05
2026-02-24 7:48,0.0339,13.28,43.43
2026-02-24 7:49,0.0346,13.43,43.19
2026-02-24 7:50,0.0353,13.53,42.51
2026-02-24 7:56,0.0396,13.5,39.5
2026-02-24 7:57,0.0403,13.56,39.52
2026-02-24 7:58,0.0409,13.84,39.44
2026-02-24 7:59,0.0416,13.87,39.29
2026-02-24 8:00,0.0423,14.03,39.23
2026-02-24 8:01,0.043,14.05,38.97
2026-02-24 8:02,0.0437,14.26,39.17
2026-02-24 8:03,0.0444,14.27,38.38
2026-02-24 8:04,0.0451,14.4,38.36
2026-02-24 8:05,0.0458,14.16,38.72
2026-02-24 8:06,0.0465,14.17,38.69
2026-02-24 8:07,0.0472,14.31,39.55
2026-02-24 8:08,0.0479,14.25,38.99
2026-02-24 8:09,0.0486,14.08,38.86
2026-02-24 8:10,0.0493,13.9,39.33
2026-02-24 8:11,0.05,14.1,38.95
2026-02-24 8:12,0.0507,14.06,39.41
2026-02-24 8:13,0.0514,14.35,39.08
2026-02-24 8:14,0.0521,14.64,38.66
2026-02-24 8:15,0.0528,14.79,38.46
2026-02-24 8:16,0.0535,14.74,38.2
2026-02-24 8:18,0.0542,14.33,37.91
2026-02-24 8:19,0.0549,14.2,38.04
2026-02-24 8:20,0.0556,14.38,38.07
2026-02-24 8:21,0.0563,14.53,37.98
2026-02-24 8:22,0.0569,14.4,38
2026-02-24 8:23,0.0576,14.62,38.04
2026-02-24 8:24,0.0583,14.71,37.61
2026-02-24 8:25,0.059,15.05,37.38
2026-02-24 8:26,0.0597,14.87,37.31
2026-02-24 8:27,0.0604,14.79,36.87
2026-02-24 8:28,0.0611,14.83,36.66
2026-02-24 8:29,0.0618,14.95,37.07
2026-02-24 8:30,0.0625,14.83,36.71
2026-02-24 8:31,0.0632,14.63,37.17
2026-02-24 8:32,0.0639,15.05,36.97
2026-02-24 8:33,0.0646,15.13,36.05
2026-02-24 8:34,0.0653,15.04,36.45
2026-02-24 8:35,0.066,14.97,36.48
2026-02-24 8:36,0.0667,15.1,36.44
2026-02-24 8:37,0.0674,14.81,36.81
2026-02-24 8:38,0.0681,14.89,35.76
2026-02-24 8:39,0.0688,14.71,36.1
2026-02-24 8:40,0.0695,14.98,36.29
2026-02-24 8:41,0.0702,14.93,36.23
2026-02-24 8:42,0.0708,15.07,35.91
2026-02-24 8:43,0.0715,15.29,35.53
2026-02-24 8:44,0.0722,15.19,35.75
2026-02-24 8:45,0.0729,14.87,36.26
2026-02-24 8:46,0.0736,14.94,36.36
2026-02-24 8:47,0.0743,15.13,36.37
2026-02-24 8:48,0.075,14.99,36.33
2026-02-24 8:49,0.0757,15.17,35.99
2026-02-24 8:50,0.0764,15.06,36.25
2026-02-24 8:51,0.0771,14.97,36.32
2026-02-24 8:52,0.0778,15.15,36.1
2026-02-24 8:53,0.0785,15.44,36.48
2026-02-24 8:54,0.0792,15.33,35.83
2026-02-24 8:55,0.0799,15.24,35.73
2026-02-24 8:56,0.0806,15.19,35.81
2026-02-24 8:57,0.0813,15.41,35.66
2026-02-24 8:58,0.082,15.16,35.57
2026-02-24 8:59,0.0827,15.04,35.67
2026-02-24 9:00,0.0834,15.18,35.74
2026-02-24 9:01,0.0841,15.26,35.18
2026-02-24 9:02,0.0847,15.12,35.71
2026-02-24 9:03,0.0854,15.28,35.42
2026-02-24 9:04,0.0861,15.25,35.66
2026-02-24 9:05,0.0868,15.07,35.9
2026-02-24 9:06,0.0875,15.21,36
2026-02-24 9:07,0.0882,15.21,36.23
2026-02-24 9:08,0.0889,15.31,36.37
2026-02-24 9:09,0.0896,15.02,36.02
2026-02-24 9:10,0.0903,15.17,36.19
2026-02-24 9:11,0.091,15.4,35.24
2026-02-24 9:12,0.0917,15.16,35.58
2026-02-24 9:13,0.0924,15.34,35.6
2026-02-24 9:14,0.0931,15.29,35.58
2026-02-24 9:15,0.0938,15.15,35.42
2026-02-24 9:16,0.0945,15.26,35.71
2026-02-24 9:17,0.0952,15.37,35.43
2026-02-24 9:18,0.0959,15.4,35.36
2026-02-24 9:19,0.0966,15.66,35.15
2026-02-24 9:20,0.0973,15.67,34.85
2026-02-24 9:21,0.098,15.55,34.95
2026-02-24 9:22,0.0986,15.69,34.93
2026-02-24 9:33,0.1068,15.77,34.58
2026-02-24 9:34,0.1075,15.85,34.84
2026-02-24 9:35,0.1081,15.8,34.88
2026-02-24 9:36,0.1088,15.88,34.81
2026-02-24 9:37,0.1095,15.83,34.67
2026-02-24 9:38,0.1102,15.85,34.91
2026-02-24 9:39,0.1109,15.92,33.91
2026-02-24 9:40,0.1116,15.98,34.09
2026-02-24 9:41,0.1123,16.01,33.72
2026-02-24 9:42,0.113,16.01,34.01
2026-02-24 9:43,0.1137,16.16,34.12
2026-02-24 9:44,0.1144,16.15,34.24
2026-02-24 9:45,0.1151,16.21,34.4
2026-02-24 9:46,0.1158,16.18,34.08
2026-02-24 9:47,0.1165,16.24,34.14
2026-02-24 9:48,0.1172,15.98,34.14
2026-02-24 9:49,0.1179,16,33.84
2026-02-24 9:50,0.1186,15.98,34.05
2026-02-24 9:51,0.1193,15.8,34.14
2026-02-24 9:52,0.12,16.01,34.03
2026-02-24 9:53,0.1207,16,34
2026-02-24 9:54,0.1214,16.35,33.7
2026-02-24 9:55,0.1221,16.42,33.56
2026-02-24 9:56,0.1228,16.58,33.5
2026-02-24 9:57,0.1234,16.54,33.4
2026-02-24 9:58,0.1241,16.58,33.65
2026-02-24 9:59,0.1248,16.64,33.42
2026-02-24 10:00,0.1255,16.72,33.32
2026-02-24 10:01,0.1262,16.9,32.35
2026-02-24 10:02,0.1269,16.8,32.69
2026-02-24 10:03,0.1276,16.8,32.74
2026-02-24 10:04,0.1283,16.82,32.88
2026-02-24 10:05,0.129,17.15,32.69
2026-02-24 10:06,0.1297,16.78,33
2026-02-24 10:07,0.1304,16.8,32.88
2026-02-24 10:08,0.1311,16.76,33.21
2026-02-24 10:09,0.1318,17.09,38.73
2026-02-24 10:10,0.1325,17.25,37.93
2026-02-24 10:11,0.1332,17.7,39.92
2026-02-24 10:12,0.1339,17.55,32.12
2026-02-24 10:13,0.1346,17.28,32.27
2026-02-24 10:14,0.1353,17.17,32.32
2026-02-24 10:15,0.136,17,32.34
2026-02-24 10:16,0.1367,16.85,32.45
2026-02-24 10:17,0.1373,16.94,32.39
2026-02-24 10:18,0.138,17.04,32.44
2026-02-24 10:19,0.1387,17.24,36.99
2026-02-24 10:20,0.1394,17.36,32.2
2026-02-24 10:21,0.1401,17.54,32.46
2026-02-24 10:22,0.1408,17.56,32.09
2026-02-24 10:23,0.1415,17.81,40.55
2026-02-24 10:24,0.1422,17.77,31.77
2026-02-24 10:25,0.1429,17.51,32
2026-02-24 10:26,0.1436,18.18,40.39
2026-02-24 10:27,0.1443,18.08,31.28
2026-02-24 10:28,0.145,17.87,32.9
2026-02-24 10:29,0.1457,18.13,32.3
2026-02-24 10:30,0.1464,17.8,31.84
2026-02-24 10:31,0.1471,17.49,31.67
2026-02-24 10:32,0.1478,17.35,32
2026-02-24 10:33,0.1485,17.43,32.01
2026-02-24 10:34,0.1492,17.34,31.74
2026-02-24 10:35,0.1499,17.22,32.14
2026-02-24 10:36,0.1506,17.31,32.08
2026-02-24 10:37,0.1512,17.46,32.21
2026-02-24 10:38,0.1519,17.47,31.86
2026-02-24 10:39,0.1526,17.37,31.7
2026-02-24 10:40,0.1533,17.19,32.16
2026-02-24 10:41,0.154,17.12,31.94
2026-02-24 10:42,0.1547,17.27,32.16
2026-02-24 10:43,0.1554,17.34,31.66
2026-02-24 10:44,0.1561,17.41,31.67
2026-02-24 10:45,0.1568,17.38,31.85
2026-02-24 10:46,0.1575,17.44,31.86
2026-02-24 10:47,0.1582,17.54,31.92
2026-02-24 10:48,0.1589,17.86,31.83
2026-02-24 10:49,0.1596,17.95,30.67
2026-02-24 10:50,0.1603,18.13,29.78
2026-02-24 10:51,0.161,18.08,30.34
2026-02-24 10:52,0.1617,18,30.35
2026-02-24 10:53,0.1624,17.87,30.91
2026-02-24 10:54,0.1631,18,31.12
2026-02-24 10:55,0.1638,18.07,30.47
2026-02-24 10:56,0.1645,17.98,30.71
2026-02-24 10:57,0.1652,17.87,30.57
2026-02-24 10:58,0.1658,17.87,30.54
2026-02-24 10:59,0.1665,17.96,30.81
2026-02-24 11:00,0.1672,18.49,34.51
2026-02-24 11:01,0.1679,18.52,30.25
2026-02-24 11:02,0.1686,18.32,31.36
2026-02-24 11:03,0.1693,18.28,30.33
2026-02-24 11:04,0.17,18.1,30.41
2026-02-24 11:05,0.1707,18.12,30.44
2026-02-24 11:06,0.1714,18.13,30.61
2026-02-24 11:07,0.1721,17.93,30.78
2026-02-24 11:08,0.1728,17.82,30.86
2026-02-24 11:09,0.1735,17.81,30.94
2026-02-24 11:10,0.1742,17.99,30.94
2026-02-24 11:11,0.1749,17.85,30.52
2026-02-24 11:12,0.1756,17.89,30.88
2026-02-24 11:13,0.1763,17.78,30.64
2026-02-24 11:14,0.177,17.81,30.79
2026-02-24 11:15,0.1777,17.88,30.92
2026-02-24 11:16,0.1784,18.08,31.48
2026-02-24 11:17,0.1791,18.12,30.91
2026-02-24 11:18,0.1797,17.9,31.08
2026-02-24 11:19,0.1804,17.94,30.89
2026-02-24 11:20,0.1811,17.96,31.14
2026-02-24 11:21,0.1818,18.03,30.93
2026-02-24 11:22,0.1825,18.01,30.72
2026-02-24 11:23,0.1832,18.05,30.68
2026-02-24 11:24,0.1839,18.21,30.52
2026-02-24 11:25,0.1846,18.33,30.34
2026-02-24 11:26,0.1853,18.47,30.31
2026-02-24 11:27,0.186,18.87,37.6
2026-02-24 11:28,0.1867,19.09,37.8
2026-02-24 11:29,0.1874,19.08,29.74
2026-02-24 11:30,0.1881,19.01,32.4
2026-02-24 11:31,0.1888,19.14,29.81
2026-02-24 11:32,0.1895,19.04,29.93
2026-02-24 11:33,0.1902,19.02,29.68
2026-02-24 11:34,0.1909,18.96,29.3
2026-02-24 11:35,0.1916,18.92,29.48
2026-02-24 11:36,0.1923,18.63,29.67
2026-02-24 11:37,0.193,18.72,29.23
2026-02-24 11:38,0.1937,18.79,29.16
2026-02-24 11:39,0.1944,18.94,29.08
2026-02-24 11:40,0.195,19.11,29.43
2026-02-24 11:41,0.1957,18.96,29.31
2026-02-24 11:42,0.1964,19.03,29.17
2026-02-24 11:43,0.1971,18.98,29.44
2026-02-24 11:44,0.1978,18.93,29.02
2026-02-24 11:45,0.1985,18.78,29.13
2026-02-24 11:46,0.1992,18.76,29.19
2026-02-24 11:47,0.1999,18.7,29.34
2026-02-24 11:48,0.2006,18.79,29.29
2026-02-24 11:49,0.2013,19.09,31.03
2026-02-24 11:50,0.202,19.37,35.39
2026-02-24 11:51,0.2027,19.62,36.21
2026-02-24 11:52,0.2034,19.79,36.09
2026-02-24 11:53,0.2041,19.79,27.98
2026-02-24 11:54,0.2048,19.57,27.96
2026-02-24 11:55,0.2055,19.55,28.1
2026-02-24 11:56,0.2062,19.72,31.34
2026-02-24 11:57,0.2069,19.68,28.82
2026-02-24 11:58,0.2076,19.66,27.74
2026-02-24 11:59,0.2083,19.47,27.87
2026-02-24 12:00,0.2089,19.44,28.09
2026-02-24 12:01,0.2096,19.4,27.87
2026-02-24 12:02,0.2103,19.44,27.77
2026-02-24 12:03,0.211,19.5,28.02
2026-02-24 12:04,0.2117,19.63,27.81
2026-02-24 12:05,0.2124,19.71,27.74
2026-02-24 12:06,0.2131,19.91,35.84
2026-02-24 12:07,0.2138,19.93,27.94
2026-02-24 12:08,0.2145,19.79,28.19
2026-02-24 12:09,0.2152,19.84,28.3
2026-02-24 12:10,0.2159,19.86,27.93
2026-02-24 12:11,0.2166,19.81,27.96
2026-02-24 12:12,0.2173,19.75,27.96
2026-02-24 12:13,0.218,19.47,28.08
2026-02-24 12:14,0.2187,19.55,28.01
2026-02-24 12:15,0.2194,19.51,28.11
2026-02-24 12:16,0.2201,19.36,28.25
2026-02-24 12:17,0.2208,19.29,28.35
2026-02-24 12:18,0.2215,19.53,28.1
2026-02-24 12:19,0.2222,19.51,28.06
2026-02-24 12:20,0.2228,19.58,28.16
2026-02-24 12:21,0.2235,19.65,28.07
2026-02-24 12:22,0.2242,19.73,27.92
2026-02-24 12:23,0.2249,19.83,28.06
2026-02-24 12:24,0.2256,19.89,27.76
2026-02-24 12:25,0.2263,19.87,28.2
2026-02-24 12:26,0.227,19.96,27.56
2026-02-24 12:27,0.2277,20.18,27.48
2026-02-24 12:28,0.2284,20.08,27.25
2026-02-24 12:29,0.2291,20.06,27.35
2026-02-24 12:30,0.2298,20.24,30.91
2026-02-24 12:31,0.2305,20.38,34.61
2026-02-24 12:32,0.2312,20.46,27.1
2026-02-24 12:33,0.2319,20.48,27.87
2026-02-24 12:34,0.2326,20.37,27.22
2026-02-24 12:35,0.2333,20.32,27.01
2026-02-24 12:36,0.234,20.41,33.97
2026-02-24 12:37,0.2347,20.47,29.86
2026-02-24 12:38,0.2354,20.7,34.02
2026-02-24 12:39,0.2361,20.5,27.04
2026-02-24 12:40,0.2367,20.52,27.38
2026-02-24 12:41,0.2374,20.55,27.14
2026-02-24 12:42,0.2381,20.61,27.03
2026-02-24 12:43,0.2388,20.64,26.73
2026-02-24 12:44,0.2395,20.62,26.58
2026-02-24 12:45,0.2402,20.32,26.96
2026-02-24 12:46,0.2409,20.31,26.85
2026-02-24 12:47,0.2416,20.16,26.94
2026-02-24 12:48,0.2423,20.23,27.85
2026-02-24 12:49,0.243,20.22,26.9
2026-02-24 12:50,0.2437,20.21,26.89
2026-02-24 12:51,0.2444,20.2,26.66
2026-02-24 12:52,0.2451,20.13,26.71
2026-02-24 12:53,0.2458,20.1,26.69
2026-02-24 12:54,0.2465,20.32,26.58
2026-02-24 12:55,0.2472,20.49,26.75
2026-02-24 12:56,0.2479,20.63,26.75
2026-02-24 12:57,0.2486,20.68,26.48
2026-02-24 12:58,0.2493,20.79,26.38
2026-02-24 12:59,0.25,20.74,26.19
2026-02-24 13:00,0.2506,20.77,26.44
2026-02-24 13:01,0.2513,20.89,28.7
2026-02-24 13:02,0.252,20.85,28.32
2026-02-24 13:03,0.2527,20.6,26.27
2026-02-24 13:04,0.2534,20.45,26.45
2026-02-24 13:05,0.2541,20.53,32.73
2026-02-24 13:06,0.2548,20.54,29.04
2026-02-24 13:07,0.2555,20.59,26.67
2026-02-24 13:08,0.2562,20.52,26.16
2026-02-24 13:09,0.2569,20.61,26.44
2026-02-24 13:10,0.2576,20.69,32.94
2026-02-24 13:11,0.2583,20.9,33.3
2026-02-24 13:12,0.259,21.07,26.24
2026-02-24 13:13,0.2597,20.86,30.57
2026-02-24 13:14,0.2604,20.89,32.88
2026-02-24 13:15,0.2611,20.96,31.54
2026-02-24 13:16,0.2618,21.09,32.67
2026-02-24 13:17,0.2625,21.09,33.04
2026-02-24 13:18,0.2632,21.11,33.55
2026-02-24 13:19,0.2639,21.09,34.1
2026-02-24 13:20,0.2646,21.05,34.38
2026-02-24 13:21,0.2653,21.01,26.04
2026-02-24 13:22,0.2659,21.1,34.01
2026-02-24 13:23,0.2666,20.92,34.31
2026-02-24 13:24,0.2673,20.94,35.04
2026-02-24 13:25,0.268,21.18,34.91
2026-02-24 13:26,0.2687,21.07,25.97
2026-02-24 13:27,0.2694,20.92,25.76
2026-02-24 13:28,0.2701,20.8,25.99
2026-02-24 13:29,0.2708,20.68,25.99
2026-02-24 13:30,0.2715,20.7,26
2026-02-24 13:31,0.2722,20.76,26.28
2026-02-24 13:32,0.2729,20.77,26.01
2026-02-24 13:33,0.2736,20.85,26.14
2026-02-24 13:34,0.2743,20.8,25.74
2026-02-24 13:35,0.275,20.63,25.9
2026-02-24 13:36,0.2757,20.81,25.89
2026-02-24 13:37,0.2764,21.04,32.46
2026-02-24 13:38,0.2771,21.04,25.63
2026-02-24 13:39,0.2778,21.13,28.01
2026-02-24 13:40,0.2785,21.11,25.69
2026-02-24 13:41,0.2792,20.97,25.63
2026-02-24 13:42,0.2798,21.04,25.58
2026-02-24 13:43,0.2805,20.98,25.68
2026-02-24 13:44,0.2812,20.86,25.66
2026-02-24 13:45,0.2819,20.78,25.7
2026-02-24 13:46,0.2826,20.9,25.98
2026-02-24 13:47,0.2833,20.93,25.88
2026-02-24 13:48,0.284,21.09,26.32
2026-02-24 13:49,0.2847,21.09,25.93
2026-02-24 13:50,0.2854,21.2,25.68
2026-02-24 13:52,0.2861,21.12,25.58
2026-02-24 13:52,0.2868,20.97,25.73
2026-02-24 13:54,0.2875,20.91,25.61
2026-02-24 13:55,0.2882,21.02,25.87
2026-02-24 13:56,0.2889,20.97,25.89
2026-02-24 13:57,0.2896,21.04,25.62
2026-02-24 13:58,0.2903,20.95,25.79
2026-02-24 13:59,0.291,20.98,25.64
2026-02-24 14:00,0.2917,21.01,25.51
2026-02-24 14:01,0.2924,21.11,26.29
2026-02-24 14:02,0.2931,21.01,25.68
2026-02-24 14:03,0.2938,20.92,25.77
2026-02-24 14:04,0.2944,20.86,25.71
2026-02-24 14:05,0.2951,20.72,25.86
2026-02-24 14:06,0.2958,20.73,25.84
2026-02-24 14:07,0.2965,20.82,26.32
2026-02-24 14:08,0.2972,21.15,25.71
2026-02-24 14:09,0.2979,21.33,25.35
2026-02-24 14:10,0.2986,21.12,26.05
2026-02-24 14:11,0.2993,21.23,25.46
2026-02-24 14:12,0.3,21.35,25.34
2026-02-24 14:13,0.3007,21.51,25.18
2026-02-24 14:14,0.3014,21.56,25.15
2026-02-24 14:15,0.3021,21.57,25.44
2026-02-24 14:16,0.3028,21.6,25.4
2026-02-24 14:17,0.3035,21.62,25.56
2026-02-24 14:18,0.3042,21.53,26.25
2026-02-24 14:19,0.3049,21.48,26.61
2026-02-24 14:20,0.3056,21.37,25.42
2026-02-24 14:21,0.3063,21.32,25.37
2026-02-24 14:22,0.307,21.36,25.4
2026-02-24 14:23,0.3077,21.58,25.43
2026-02-24 14:24,0.3083,21.65,25.05
2026-02-24 14:25,0.309,21.59,25.31
2026-02-24 14:26,0.3097,21.54,25.5
2026-02-24 14:27,0.3104,21.62,25.35
2026-02-24 14:28,0.3111,21.56,25.3
2026-02-24 14:29,0.3118,21.5,25.23
2026-02-24 14:30,0.3125,21.41,25.26
2026-02-24 14:31,0.3132,21.27,25.36
2026-02-24 14:32,0.3139,21.27,25.45
2026-02-24 14:33,0.3146,21.51,25.41
2026-02-24 14:34,0.3153,21.66,25.27
2026-02-24 14:35,0.316,21.62,25.49
2026-02-24 14:36,0.3167,21.56,25.52
2026-02-24 14:37,0.3174,21.43,25.44
2026-02-24 14:38,0.3181,21.45,25.45
2026-02-24 14:39,0.3188,21.53,25.26
2026-02-24 14:40,0.3195,21.68,25.37
2026-02-24 14:41,0.3202,21.7,25.5
2026-02-24 14:42,0.3209,21.47,25.36
2026-02-24 14:43,0.3216,21.63,25.4
2026-02-24 14:44,0.3223,21.77,25.25
2026-02-24 14:45,0.323,21.92,32.49
2026-02-24 14:46,0.3236,22,25.55
2026-02-24 14:47,0.3243,22.18,26.41
2026-02-24 14:48,0.325,22.14,25.07
2026-02-24 14:49,0.3257,22.02,24.94
2026-02-24 14:50,0.3264,21.98,24.86
2026-02-24 14:51,0.3271,21.68,25.09
2026-02-24 14:52,0.3278,21.69,25.18
2026-02-24 14:53,0.3285,21.72,25.16
2026-02-24 14:54,0.3292,21.77,25.11
2026-02-24 14:55,0.3299,21.79,25.19
2026-02-24 14:56,0.3306,21.93,25.03
2026-02-24 14:57,0.3313,21.91,25.01
2026-02-24 14:58,0.332,21.91,25.09
2026-02-24 14:59,0.3327,21.82,25.06
2026-02-24 15:00,0.3334,21.83,25.21
2026-02-24 15:01,0.3341,21.94,25.01
2026-02-24 15:02,0.3348,21.97,25.18
2026-02-24 15:03,0.3355,22.09,25.16
2026-02-24 15:04,0.3362,22.21,25.66
2026-02-24 15:05,0.3369,22.2,25.64
2026-02-24 15:06,0.3375,22.21,25
2026-02-24 15:07,0.3382,22.24,25.02
2026-02-24 15:08,0.3389,22.32,27.22
2026-02-24 15:09,0.3396,22.22,24.77
2026-02-24 15:10,0.3403,22.16,24.73
2026-02-24 15:11,0.341,22.2,25.45
2026-02-24 15:12,0.3417,22.12,24.91
2026-02-24 15:13,0.3424,22.2,24.97
2026-02-24 15:14,0.3431,22.21,24.7
2026-02-24 15:15,0.3438,22.25,29.33
2026-02-24 15:16,0.3445,22.24,33.72
2026-02-24 15:17,0.3452,22.33,27.46
2026-02-24 15:18,0.3459,22.32,25.03
2026-02-24 15:19,0.3466,22.16,24.89
2026-02-24 15:20,0.3473,22.15,24.94
2026-02-24 15:21,0.348,22.11,24.8
2026-02-24 15:22,0.3487,22.16,25.09
2026-02-24 15:23,0.3494,22.13,24.92
2026-02-24 15:24,0.3501,22.16,30.7
2026-02-24 15:25,0.3508,22.17,30.31
2026-02-24 15:26,0.3514,22.15,24.94
2026-02-24 15:27,0.3521,22.13,33.48
2026-02-24 15:28,0.3528,22.25,32.53
2026-02-24 15:29,0.3535,22.21,25.29
2026-02-24 15:30,0.3542,22.09,27.52
2026-02-24 15:31,0.3549,22.07,33.37
2026-02-24 15:32,0.3556,22.03,26.15
2026-02-24 15:33,0.3563,21.99,25.11
2026-02-24 15:34,0.357,21.95,25.35
2026-02-24 15:35,0.3577,21.92,25.57
2026-02-24 15:36,0.3584,21.94,25.07
2026-02-24 15:37,0.3591,21.86,25.22
2026-02-24 15:38,0.3598,21.78,25.41
2026-02-24 15:39,0.3605,21.63,25.3
2026-02-24 15:40,0.3612,21.68,25.46
2026-02-24 15:41,0.3619,21.71,25.24
2026-02-24 15:42,0.3626,21.75,27.12
2026-02-24 15:43,0.3633,21.88,25.11
2026-02-24 15:44,0.364,21.97,25.26
2026-02-24 15:45,0.3647,21.95,25.22
2026-02-24 15:46,0.3653,21.82,25.24
2026-02-24 15:47,0.366,21.73,25.54
2026-02-24 15:48,0.3667,21.78,25.23
2026-02-24 15:49,0.3674,21.79,25.39
2026-02-24 15:50,0.3681,21.83,25.1
2026-02-24 15:51,0.3688,21.73,25.25
2026-02-24 15:52,0.3695,21.8,25.18
2026-02-24 15:53,0.3702,21.78,25.64
2026-02-24 15:54,0.3709,21.83,25.54
2026-02-24 15:55,0.3716,21.87,40.68
2026-02-24 15:56,0.3723,22,41.28
2026-02-24 15:57,0.373,21.95,26.5
2026-02-24 15:58,0.3737,21.84,25.5
2026-02-24 15:59,0.3744,21.82,26.73
2026-02-24 16:00,0.3751,21.84,25.67
2026-02-24 16:01,0.3758,21.72,25.67
2026-02-24 16:02,0.3765,21.61,25.68
2026-02-24 16:03,0.3772,21.59,25.38
2026-02-24 16:04,0.3779,21.62,25.49
2026-02-24 16:05,0.3786,21.75,39.85
2026-02-24 16:06,0.3792,21.91,41.21
2026-02-24 16:07,0.3799,21.98,30.51
2026-02-24 16:08,0.3806,21.75,25.74
2026-02-24 16:09,0.3813,21.61,25.57
2026-02-24 16:10,0.382,21.57,25.86
2026-02-24 16:11,0.3827,21.51,25.98
2026-02-24 16:12,0.3834,21.57,27.42
2026-02-24 16:13,0.3841,21.48,25.55
2026-02-24 16:14,0.3848,21.42,25.54
2026-02-24 16:15,0.3855,21.37,25.71
2026-02-24 16:16,0.3862,21.59,41.21
2026-02-24 16:17,0.3869,21.79,43.6
2026-02-24 16:18,0.3876,21.66,26.28
2026-02-24 16:19,0.3883,21.54,26.06
2026-02-24 16:20,0.389,21.45,26.39
2026-02-24 16:21,0.3897,21.41,25.8
2026-02-24 16:22,0.3904,21.38,26.21
2026-02-24 16:23,0.3911,21.31,25.77
2026-02-24 16:24,0.3918,21.35,28.44
2026-02-24 16:25,0.3925,21.28,25.8
2026-02-24 16:26,0.3932,21.21,25.8
2026-02-24 16:27,0.3939,21.33,26.16
2026-02-24 16:28,0.3945,21.48,34.8
2026-02-24 16:29,0.3952,21.61,36.16
2026-02-24 16:30,0.3959,21.42,26.67
2026-02-24 16:31,0.3966,21.26,25.92
2026-02-24 16:32,0.3973,21.24,25.98
2026-02-24 16:33,0.398,21.24,26.35
2026-02-24 16:34,0.3987,21.22,25.85
2026-02-24 16:35,0.3994,21.25,25.92
2026-02-24 16:36,0.4001,21.2,26.59
2026-02-24 16:37,0.4008,21.2,26.16
2026-02-24 16:38,0.4015,21.17,26.02
2026-02-24 16:39,0.4022,21.16,26.07
2026-02-24 16:40,0.4029,21.13,26.38
2026-02-24 16:41,0.4036,21.13,26.01
2026-02-24 16:42,0.4043,21.09,26.05
2026-02-24 16:43,0.405,21.1,26.5
2026-02-24 16:44,0.4057,21.07,26.06
2026-02-24 16:45,0.4064,21.07,26.1
2026-02-24 16:46,0.4071,21.06,26.11
2026-02-24 16:47,0.4078,21.04,26.28
2026-02-24 16:48,0.4084,21.04,26.12
2026-02-24 16:49,0.4091,20.99,26.58
2026-02-24 16:50,0.4098,21.02,26.54
2026-02-24 16:51,0.4105,20.98,26.08
2026-02-24 16:52,0.4112,20.98,25.94
2026-02-24 16:53,0.4119,20.93,26.06
2026-02-24 16:54,0.4126,20.92,26.08
2026-02-24 16:55,0.4133,20.92,27.4
2026-02-24 16:56,0.414,20.89,27.14
2026-02-24 16:57,0.4147,20.83,26.8
2026-02-24 16:58,0.4154,20.77,26.3
2026-02-24 16:59,0.4161,20.84,31.26
2026-02-24 17:00,0.4168,21.07,36.04
2026-02-24 17:01,0.4175,21.01,29.83
2026-02-24 17:02,0.4182,20.83,42.21
2026-02-24 17:03,0.4189,21.06,47.36
2026-02-24 17:04,0.4196,21.18,47.47
2026-02-24 17:05,0.4203,21.21,46.9
2026-02-24 17:06,0.421,21.04,27.53
2026-02-24 17:07,0.4217,20.81,36.05
2026-02-24 17:08,0.4223,20.67,27
2026-02-24 17:09,0.423,20.89,29.45
2026-02-24 17:10,0.4237,20.68,27.26
2026-02-24 17:11,0.4244,20.57,26.86
2026-02-24 17:12,0.4251,20.48,27.02
2026-02-24 17:13,0.4258,20.5,26.82
2026-02-24 17:14,0.4265,20.4,27.01
2026-02-24 17:15,0.4272,20.19,27.37
2026-02-24 17:16,0.4279,20.15,30.1
2026-02-24 17:17,0.4286,20.1,27.43
2026-02-24 17:18,0.4293,20.15,27.44
2026-02-24 17:19,0.43,20.12,27.45
2026-02-24 17:20,0.4307,20.17,27.29
2026-02-24 17:21,0.4314,20.16,27.31
2026-02-24 17:22,0.4321,20.11,27.48
2026-02-24 17:23,0.4328,20.08,27.47
2026-02-24 17:24,0.4335,19.99,27.95
2026-02-24 17:25,0.4342,19.95,27.53
2026-02-24 17:26,0.4349,19.97,27.67
2026-02-24 17:27,0.4356,19.98,27.71
2026-02-24 17:28,0.4363,19.93,27.99
2026-02-24 17:29,0.4369,19.88,30.62
2026-02-24 17:30,0.4376,19.86,28.44
2026-02-24 17:31,0.4383,19.91,28.06
2026-02-24 17:32,0.439,20.01,27.83
2026-02-24 17:33,0.4397,20,27.87
2026-02-24 17:34,0.4404,19.96,27.93
2026-02-24 17:35,0.4411,19.91,27.91
2026-02-24 17:36,0.4418,19.83,28.12
2026-02-24 17:37,0.4425,19.73,28.28
2026-02-24 17:38,0.4432,19.65,28.3
2026-02-24 17:39,0.4439,19.57,28.53
2026-02-24 17:40,0.4446,19.55,28.49
2026-02-24 17:41,0.4453,19.54,28.51
2026-02-24 17:42,0.446,19.46,28.63
2026-02-24 17:43,0.4467,19.54,28.65
2026-02-24 17:44,0.4474,19.42,28.78
2026-02-24 17:45,0.4481,19.43,28.73
2026-02-24 17:46,0.4488,19.45,28.75
2026-02-24 17:47,0.4495,19.44,28.85
2026-02-24 17:48,0.4502,19.47,28.8
2026-02-24 17:49,0.4508,19.5,28.66
2026-02-24 17:50,0.4515,19.53,28.65
2026-02-24 17:51,0.4522,19.49,28.75
2026-02-24 17:52,0.4529,19.39,28.83
2026-02-24 17:53,0.4536,19.33,28.94
2026-02-24 17:54,0.4543,19.32,29.02
2026-02-24 17:55,0.455,19.49,28.85
2026-02-24 17:56,0.4557,19.46,28.8
2026-02-24 17:57,0.4564,19.56,28.72
2026-02-24 17:58,0.4571,19.34,29.09
2026-02-24 17:59,0.4578,19.29,29.08
2026-02-24 18:00,0.4585,19.33,29.04
2026-02-24 18:01,0.4592,19.31,29.16
2026-02-24 18:02,0.4599,19.22,29.23
2026-02-24 18:03,0.4606,19.29,29.2
2026-02-24 18:04,0.4613,19.18,29.27
2026-02-24 18:05,0.462,19.08,29.36
2026-02-24 18:06,0.4627,18.93,29.66
2026-02-24 18:07,0.4634,18.93,29.49
2026-02-24 18:08,0.4641,18.9,29.56
2026-02-24 18:09,0.4648,19,29.58
2026-02-24 18:10,0.4655,18.95,29.64
2026-02-24 18:11,0.4661,18.96,29.59
2026-02-24 18:12,0.4668,19,29.58
2026-02-24 18:13,0.4675,18.92,29.6
2026-02-24 18:14,0.4682,18.88,29.63
2026-02-24 18:15,0.4689,18.86,29.69
2026-02-24 18:16,0.4696,18.88,29.62
2026-02-24 18:17,0.4703,18.83,29.81
2026-02-24 18:18,0.471,18.9,30.05
2026-02-24 18:19,0.4717,18.96,29.75
2026-02-24 18:20,0.4724,18.97,29.63
2026-02-24 18:21,0.4731,18.85,29.8
2026-02-24 18:22,0.4738,18.64,30.15
2026-02-24 18:23,0.4745,18.63,30.09
2026-02-24 18:24,0.4752,18.64,30.14
2026-02-24 18:25,0.4759,18.68,30.15
2026-02-24 18:26,0.4766,18.68,30.14
2026-02-24 18:27,0.4773,18.67,30.06
2026-02-24 18:28,0.478,18.66,30.17
2026-02-24 18:29,0.4787,18.56,30.28
2026-02-24 18:30,0.4794,18.42,30.49
2026-02-24 18:31,0.48,18.41,30.55
2026-02-24 18:32,0.4807,18.35,30.56
2026-02-24 18:33,0.4814,18.3,30.75
2026-02-24 18:34,0.4821,18.36,30.59
2026-02-24 18:35,0.4828,18.4,30.55
2026-02-24 18:36,0.4835,18.47,30.52
2026-02-24 18:37,0.4842,18.44,30.5
2026-02-24 18:38,0.4849,18.49,30.55
2026-02-24 18:39,0.4856,18.47,30.5
2026-02-24 18:40,0.4863,18.51,30.63
2026-02-24 18:41,0.487,18.34,31.12
2026-02-24 18:42,0.4877,18.37,30.73
2026-02-24 18:43,0.4884,18.44,30.82
2026-02-24 18:44,0.4891,18.43,30.66
2026-02-24 18:45,0.4898,18.34,30.99
2026-02-24 18:46,0.4905,18.21,30.86
2026-02-24 18:47,0.4912,18.23,30.96
2026-02-24 18:48,0.4919,18.27,30.97
2026-02-24 18:49,0.4926,18.28,30.88
2026-02-24 18:50,0.4933,18.26,30.99
2026-02-24 18:51,0.4939,18.15,31.38
2026-02-24 18:52,0.4946,18.12,31.33
2026-02-24 18:53,0.4953,18.14,30.98
2026-02-24 18:54,0.496,18.11,30.88
2026-02-24 18:55,0.4967,17.95,31.09
2026-02-24 18:56,0.4974,17.87,31.22
2026-02-24 18:57,0.4981,17.9,31.24
2026-02-24 18:58,0.4988,17.95,31.57
2026-02-24 18:59,0.4995,17.86,31.85
2026-02-24 19:00,0.5002,18.01,33.65
2026-02-24 19:01,0.5009,18,31.68
2026-02-24 19:02,0.5016,17.85,31.5
2026-02-24 19:03,0.5023,17.91,31.37
2026-02-24 19:04,0.503,17.87,31.82
2026-02-24 19:05,0.5037,17.93,31.48
2026-02-24 19:06,0.5044,17.9,31.42
2026-02-24 19:07,0.5051,17.86,31.43
2026-02-24 19:08,0.5058,17.79,31.44
2026-02-24 19:09,0.5065,17.7,31.56
2026-02-24 19:10,0.5072,17.62,31.65
2026-02-24 19:11,0.5078,17.58,31.75
2026-02-24 19:12,0.5085,17.57,32.15
2026-02-24 19:13,0.5092,17.54,32.73
2026-02-24 19:14,0.5099,17.52,32.61
2026-02-24 19:15,0.5106,17.52,33.34
2026-02-24 19:16,0.5113,17.64,32.79
2026-02-24 19:17,0.512,17.67,33.08
2026-02-24 19:18,0.5127,17.58,32.78
2026-02-24 19:19,0.5134,17.48,32.58
2026-02-24 19:20,0.5141,17.42,32.88
2026-02-24 19:21,0.5148,17.42,32.52
2026-02-24 19:22,0.5155,17.43,32.7
2026-02-24 19:23,0.5162,17.56,32.41
2026-02-24 19:24,0.5169,17.55,32.27
2026-02-24 19:25,0.5176,17.51,32.46
2026-02-24 19:26,0.5183,17.51,32.74
2026-02-24 19:27,0.519,17.39,33.87
2026-02-24 19:28,0.5197,17.39,33.49
2026-02-24 19:29,0.5204,17.32,33.35
2026-02-24 19:30,0.5211,17.3,32.94
2026-02-24 19:31,0.5217,17.31,32.85
2026-02-24 19:32,0.5224,17.38,32.53
2026-02-24 19:33,0.5231,17.57,35.61
2026-02-24 19:34,0.5238,18.03,32.02
2026-02-24 19:35,0.5245,17.84,32.58
2026-02-24 19:36,0.5252,17.52,32.29
2026-02-24 19:37,0.5259,17.33,33.38
2026-02-24 19:38,0.5266,17.26,32.75
2026-02-24 19:39,0.5273,17.21,32.64
2026-02-24 19:40,0.528,17.3,32.47
2026-02-24 19:41,0.5287,17.32,33.36
2026-02-24 19:42,0.5294,17.35,33.3
2026-02-24 19:43,0.5301,17.47,32.65
2026-02-24 19:44,0.5308,17.18,33.94
2026-02-24 19:45,0.5315,17.12,33.62
2026-02-24 19:46,0.5322,17.13,33.62
2026-02-24 19:47,0.5329,17.1,33.6
2026-02-24 19:48,0.5336,17.01,33.96
2026-02-24 19:49,0.5343,17.04,33.48
2026-02-24 19:50,0.535,17.09,33.42
2026-02-24 19:51,0.5356,17.11,33.23
2026-02-24 19:52,0.5363,17.03,33.12
2026-02-24 19:53,0.537,17.02,33.07
2026-02-24 19:54,0.5377,17.02,33.32
2026-02-24 19:55,0.5384,17.03,33.53
2026-02-24 19:56,0.5391,17.11,33.74
2026-02-24 19:57,0.5398,16.93,35.27
2026-02-24 19:58,0.5405,16.77,35.62
2026-02-24 19:59,0.5412,16.68,35.83
2026-02-24 20:00,0.5419,16.7,35.55
2026-02-24 20:01,0.5426,17.12,34.06
2026-02-24 20:02,0.5433,17.26,33.17
2026-02-24 20:03,0.544,17.41,33.03
2026-02-24 20:04,0.5447,17.32,33.42
2026-02-24 20:05,0.5454,17.24,33.3
2026-02-24 20:06,0.5461,17.4,32.95
2026-02-24 20:07,0.5468,17.29,33.21
2026-02-24 20:08,0.5475,17.06,33.62
2026-02-24 20:09,0.5482,17.02,34.05
2026-02-24 20:10,0.5489,17.11,33.65
2026-02-24 20:11,0.5496,17.11,33.53
2026-02-24 20:12,0.5503,17.08,33.67
2026-02-24 20:13,0.5509,17.05,33.83
2026-02-24 20:14,0.5516,17.04,33.99
2026-02-24 20:15,0.5523,16.93,34.26
2026-02-24 20:16,0.553,16.87,33.94
2026-02-24 20:17,0.5537,17.03,33.48
2026-02-24 20:18,0.5544,17.06,33.41
2026-02-24 20:19,0.5551,17.03,33.51
2026-02-24 20:20,0.5558,17.13,33.08
2026-02-24 20:21,0.5565,17.18,33
2026-02-24 20:22,0.5572,17.06,33.33
2026-02-24 20:23,0.5579,16.98,33.37
2026-02-24 20:24,0.5586,16.99,33.43
2026-02-24 20:25,0.5593,16.99,33.16
2026-02-24 20:26,0.56,17.24,32.92
2026-02-24 20:27,0.5607,17.27,32.54
2026-02-24 20:28,0.5614,17.57,32.36
2026-02-24 20:29,0.5621,17.43,33.1
2026-02-24 20:30,0.5628,17.25,34.2
2026-02-24 20:31,0.5635,17.19,34.96
2026-02-24 20:32,0.5642,17.05,34.74
2026-02-24 20:33,0.5648,17.04,33.83
2026-02-24 20:34,0.5655,16.98,33.62
2026-02-24 20:35,0.5662,16.92,34.28
2026-02-24 20:36,0.5669,16.87,34.88
2026-02-24 20:37,0.5676,17.09,34.03
2026-02-24 20:38,0.5683,17.4,33.09
2026-02-24 20:39,0.569,17.64,33.51
2026-02-24 20:40,0.5697,17.51,32.74
2026-02-24 20:41,0.5704,17.35,33.22
2026-02-24 20:42,0.5711,17.2,33.94
2026-02-24 20:43,0.5718,17.02,34.71
2026-02-24 20:44,0.5725,16.97,34.98
2026-02-24 20:45,0.5732,16.94,34.27
2026-02-24 20:46,0.5739,16.92,34.07
2026-02-24 20:47,0.5746,16.97,33.87
2026-02-24 20:48,0.5753,17.05,34.22
2026-02-24 20:49,0.576,16.98,34.63
2026-02-24 20:50,0.5767,16.96,34.75
2026-02-24 20:51,0.5774,16.91,35.4
2026-02-24 20:52,0.5781,16.86,34.88
2026-02-24 20:53,0.5787,16.87,34.95
2026-02-24 20:54,0.5794,16.81,35.13
2026-02-24 20:55,0.5801,16.72,35.42
2026-02-24 20:56,0.5808,16.77,34.94
2026-02-24 20:57,0.5815,16.88,34.77
2026-02-24 20:58,0.5822,16.81,35.61
2026-02-24 20:59,0.5829,16.73,35.61
2026-02-24 21:00,0.5836,16.75,35.34
2026-02-24 21:01,0.5843,16.7,35.48
2026-02-24 21:02,0.585,16.78,35.6
2026-02-24 21:03,0.5857,16.81,35.64
2026-02-24 21:04,0.5864,16.82,35.95
2026-02-24 21:05,0.5871,16.74,36.34
2026-02-24 21:06,0.5878,16.62,36.58
2026-02-24 21:07,0.5885,16.69,35.91
2026-02-24 21:08,0.5892,16.77,35.87
2026-02-24 21:09,0.5899,16.86,36.23
2026-02-24 21:10,0.5906,16.9,36.19
2026-02-24 21:11,0.5913,16.76,36.27
2026-02-24 21:12,0.592,16.92,36.08
2026-02-24 21:13,0.5927,16.86,36.05
2026-02-24 21:14,0.5933,16.77,36.18
2026-02-24 21:15,0.594,16.75,36.32
2026-02-24 21:16,0.5947,16.64,37.49
2026-02-24 21:17,0.5954,16.56,36.93
2026-02-24 21:18,0.5961,16.68,36.12
2026-02-24 21:19,0.5968,16.77,35.79
2026-02-24 21:20,0.5975,16.85,35.84
2026-02-24 21:21,0.5982,16.82,36.06
2026-02-24 21:22,0.5989,16.81,35.8
2026-02-24 21:23,0.5996,16.85,34.31
2026-02-24 21:24,0.6003,16.97,34.78
2026-02-24 21:25,0.601,16.95,35.02
2026-02-24 21:26,0.6017,16.91,35.13
2026-02-24 21:27,0.6024,16.95,35.14
2026-02-24 21:28,0.6031,16.97,34.66
2026-02-24 21:29,0.6038,16.98,33.73
2026-02-24 21:30,0.6045,17.08,33.63
2026-02-24 21:31,0.6052,17.09,33.34
2026-02-24 21:32,0.6059,17.04,34.24
2026-02-24 21:33,0.6066,16.93,35.17
2026-02-24 21:34,0.6072,16.8,35.09
2026-02-24 21:35,0.6079,17.03,33.58
2026-02-24 21:36,0.6086,17.16,33.77
2026-02-24 21:37,0.6093,17.1,33.89
2026-02-24 21:38,0.61,17.1,33.75
2026-02-24 21:39,0.6107,17.08,33.49
2026-02-24 21:40,0.6114,17,33.97
2026-02-24 21:41,0.6121,16.98,34.02
2026-02-24 21:42,0.6128,17.14,33.76
2026-02-24 21:43,0.6135,16.98,34.19
2026-02-24 21:44,0.6142,17.1,33.93
2026-02-24 21:45,0.6149,17.13,33.76
2026-02-24 21:46,0.6156,17.19,33.84
2026-02-24 21:47,0.6163,17.05,33.95
2026-02-24 21:48,0.617,16.94,34.14
2026-02-24 21:49,0.6177,17.09,33.98
2026-02-24 21:50,0.6184,16.96,34.25
2026-02-24 21:51,0.6191,17.02,34.41
2026-02-24 21:52,0.6198,17.02,33.92
2026-02-24 21:53,0.6205,17.03,34.06
2026-02-24 21:54,0.6212,17.03,33.63
2026-02-24 21:55,0.6219,17.04,33.62
2026-02-24 21:56,0.6225,16.95,33.74
2026-02-24 21:57,0.6232,16.93,33.95
2026-02-24 21:58,0.6239,16.94,33.71
2026-02-24 21:59,0.6246,16.84,33.94
2026-02-24 22:00,0.6253,16.87,33.87
2026-02-24 22:01,0.626,16.88,33.82
2026-02-24 22:02,0.6267,16.84,33.94
2026-02-24 22:03,0.6274,16.93,33.66
2026-02-24 22:04,0.6281,16.89,33.77
2026-02-24 22:05,0.6288,16.96,33.97
2026-02-24 22:06,0.6295,16.88,33.88
2026-02-24 22:07,0.6302,16.79,33.86
2026-02-24 22:08,0.6309,16.82,33.86
2026-02-24 22:09,0.6316,16.98,33.62
2026-02-24 22:10,0.6323,17.14,33.17
2026-02-24 22:11,0.633,17.15,33.3
2026-02-24 22:12,0.6337,17.25,33.35
2026-02-24 22:13,0.6344,16.93,33.8
2026-02-24 22:14,0.6351,17,33.52
2026-02-24 22:15,0.6358,16.92,33.82
2026-02-24 22:16,0.6364,16.88,34.19
2026-02-24 22:17,0.6371,16.56,35.53
2026-02-24 22:18,0.6378,16.34,35.62
2026-02-24 22:19,0.6385,16.25,35.03
2026-02-24 22:20,0.6392,16.15,35.19
2026-02-24 22:21,0.6399,16.18,35.37
2026-02-24 22:22,0.6406,16.07,35.58
2026-02-24 22:23,0.6413,16.01,35.61
2026-02-24 22:24,0.642,16.11,35.18
2026-02-24 22:25,0.6427,16.21,35.49
2026-02-24 22:26,0.6434,16.29,35.62
2026-02-24 22:27,0.6441,16.34,35.28
2026-02-24 22:28,0.6448,16.08,36.3
2026-02-24 22:29,0.6455,15.94,36.63
2026-02-24 22:30,0.6462,15.93,36.62
2026-02-24 22:31,0.6469,15.99,36.23
2026-02-24 22:32,0.6476,16.09,36.07
2026-02-24 22:33,0.6483,16.12,35.64
2026-02-24 22:34,0.649,15.99,35.97
2026-02-24 22:35,0.6497,15.97,37.06
2026-02-24 22:36,0.6503,15.85,37.15
2026-02-24 22:37,0.651,15.92,37.15
2026-02-24 22:38,0.6517,15.95,36.7
2026-02-24 22:39,0.6524,15.92,36.87
2026-02-24 22:40,0.6531,15.79,36.95
2026-02-24 22:41,0.6538,15.94,36.92
2026-02-24 22:42,0.6545,16.06,36.86
2026-02-24 22:43,0.6552,16.02,37.23
2026-02-24 22:44,0.6559,15.91,36.75
2026-02-24 22:45,0.6566,15.84,37.26
2026-02-24 22:46,0.6573,15.6,37.99
2026-02-24 22:47,0.658,15.66,37.19
2026-02-24 22:48,0.6587,15.65,37.06
2026-02-24 22:49,0.6594,15.47,38
2026-02-24 22:50,0.6601,15.54,36.99
2026-02-24 22:51,0.6608,15.66,36.64
2026-02-24 22:52,0.6615,15.74,36.45
2026-02-24 22:53,0.6622,15.78,36.01
2026-02-24 22:54,0.6629,15.81,35.65
2026-02-24 22:55,0.6636,15.76,36.94
2026-02-24 22:56,0.6642,15.76,35.88
2026-02-24 22:57,0.6649,15.76,36.12
2026-02-24 22:58,0.6656,15.65,36.36
2026-02-24 22:59,0.6663,15.72,36.96
2026-02-24 23:00,0.667,15.8,36.76
2026-02-24 23:01,0.6677,15.73,37.08
2026-02-24 23:02,0.6684,15.62,37.54
2026-02-24 23:03,0.6691,15.56,38.29
2026-02-24 23:04,0.6698,15.46,38.64
2026-02-24 23:05,0.6705,15.44,38.85
2026-02-24 23:06,0.6712,15.42,40.02
2026-02-24 23:07,0.6719,15.35,39.56
2026-02-24 23:08,0.6726,15.31,39.82
2026-02-24 23:09,0.6733,15.4,39.77
2026-02-24 23:10,0.674,15.53,39.54
2026-02-24 23:11,0.6747,15.59,39.48
2026-02-24 23:12,0.6754,15.49,39.6
2026-02-24 23:13,0.6761,15.41,40.38
2026-02-24 23:14,0.6768,15.3,41
2026-02-24 23:15,0.6775,15.38,40.26
2026-02-24 23:16,0.6781,15.49,39.93
2026-02-24 23:17,0.6789,15.53,39.88
2026-02-24 23:18,0.6795,15.42,40.3
2026-02-24 23:19,0.6802,15.24,40.3
2026-02-24 23:20,0.6809,15.23,40.35
2026-02-24 23:21,0.6816,15.28,40.31
2026-02-24 23:22,0.6823,15.23,40.52
2026-02-24 23:23,0.683,15.26,41.16
2026-02-24 23:24,0.6837,15.12,41.31
2026-02-24 23:25,0.6844,15.15,41.21
2026-02-24 23:26,0.6851,15.13,41.34
2026-02-24 23:27,0.6858,15.12,41.12
2026-02-24 23:28,0.6865,15.1,42.22
2026-02-24 23:29,0.6872,15.1,41.97
2026-02-24 23:30,0.6879,15.05,41.91
2026-02-24 23:31,0.6886,15.06,41.65
2026-02-24 23:32,0.6893,15.19,41.64
2026-02-24 23:33,0.69,15.31,41.45
2026-02-24 23:34,0.6907,15.28,41.18
2026-02-24 23:35,0.6914,15.13,41.69
2026-02-24 23:36,0.6921,15.06,41.28
2026-02-24 23:37,0.6928,14.93,42.7
2026-02-24 23:38,0.6934,14.66,42.93
2026-02-24 23:39,0.6941,14.58,42.9
2026-02-24 23:40,0.6948,14.51,43.02
2026-02-24 23:41,0.6955,14.51,43.16
2026-02-24 23:42,0.6962,14.58,43.31
2026-02-24 23:43,0.6969,14.7,42.81
2026-02-24 23:44,0.6976,14.72,42.72
2026-02-24 23:45,0.6983,14.82,42.29
2026-02-24 23:46,0.699,14.97,42.14
2026-02-24 23:47,0.6997,14.75,42.62
2026-02-24 23:48,0.7004,14.73,42.55
2026-02-24 23:49,0.7011,14.83,42.68
2026-02-24 23:50,0.7018,14.91,42.64
2026-02-24 23:51,0.7025,14.98,42.46
2026-02-24 23:52,0.7032,14.82,42.71
2026-02-24 23:53,0.7039,14.73,42.98
2026-02-24 23:54,0.7046,14.54,43.31
2026-02-24 23:55,0.7053,14.52,43.6
2026-02-24 23:56,0.706,14.51,43.53
2026-02-24 23:57,0.7067,14.53,43.54
2026-02-24 23:58,0.7073,14.54,43.56
2026-02-24 23:59,0.708,14.42,43.92
2026-02-25 0:00,0.7087,14.17,44.96
2026-02-25 0:01,0.7094,14.27,44.72
2026-02-25 0:02,0.7101,14.58,43.13
2026-02-25 0:03,0.7108,14.67,42.88
2026-02-25 0:04,0.7115,14.77,42.51
2026-02-25 0:05,0.7122,14.57,44.4
2026-02-25 0:06,0.7129,14.33,44.41
2026-02-25 0:07,0.7136,14.52,43.98
2026-02-25 0:08,0.7143,14.57,43.55
2026-02-25 0:09,0.715,14.57,43.56
2026-02-25 0:10,0.7157,14.47,43.99
2026-02-25 0:11,0.7164,14.26,43.94
2026-02-25 0:12,0.7171,14.28,43.63
2026-02-25 0:13,0.7178,14.19,44.16
2026-02-25 0:14,0.7185,14.14,44.5
2026-02-25 0:15,0.7192,14.12,45.11
2026-02-25 0:16,0.7199,14.15,45.13
2026-02-25 0:17,0.7206,14.14,45.22
2026-02-25 0:18,0.7212,14.09,45.98
2026-02-25 0:19,0.7219,14.06,46.17
2026-02-25 0:20,0.7226,14.11,45.76
2026-02-25 0:21,0.7233,14.09,45.97
2026-02-25 0:22,0.724,14.07,45.66
2026-02-25 0:23,0.7247,14.21,45.67
2026-02-25 0:24,0.7254,14.4,44.9
2026-02-25 0:25,0.7261,14.5,45.86
2026-02-25 0:26,0.7268,14.5,44.77
2026-02-25 0:27,0.7275,14.53,44.38
2026-02-25 0:28,0.7282,14.31,45.04
2026-02-25 0:29,0.7289,14.07,45.57
2026-02-25 0:30,0.7296,13.97,46
2026-02-25 0:31,0.7303,13.91,45.93
2026-02-25 0:32,0.731,14,45.87
2026-02-25 0:33,0.7317,14.17,45.56
2026-02-25 0:34,0.7324,14.18,46.67
2026-02-25 0:35,0.7331,14.17,45.32
2026-02-25 0:36,0.7338,14.03,45.15
2026-02-25 0:37,0.7345,13.97,45.34
2026-02-25 0:38,0.7352,13.93,45.4
2026-02-25 0:39,0.7358,13.79,45.43
2026-02-25 0:40,0.7365,13.88,45.4
2026-02-25 0:41,0.7372,13.96,45.1
2026-02-25 0:42,0.7379,14.01,44.44
2026-02-25 0:43,0.7386,14.01,44.62
2026-02-25 0:44,0.7393,13.99,44.82
2026-02-25 0:45,0.74,14.01,44.81
2026-02-25 0:46,0.7407,14.11,44.17
2026-02-25 0:47,0.7414,14.11,44.12
2026-02-25 0:48,0.7421,14.13,44.5
2026-02-25 0:49,0.7428,14.2,44.18
2026-02-25 0:50,0.7435,14.15,44.03
2026-02-25 0:51,0.7442,13.95,44.58
2026-02-25 0:52,0.7449,13.92,44.8
2026-02-25 0:53,0.7456,13.88,44.97
2026-02-25 0:54,0.7463,13.87,45.17
2026-02-25 0:55,0.747,13.9,45.12
2026-02-25 0:56,0.7477,13.89,45.15
2026-02-25 0:57,0.7484,13.95,45.12
2026-02-25 0:58,0.7491,13.94,45.45
2026-02-25 0:59,0.7498,13.94,45.35
2026-02-25 1:00,0.7505,14,45.12
2026-02-25 1:01,0.7511,14,45.08
2026-02-25 1:02,0.7518,14.01,45.16
2026-02-25 1:03,0.7525,13.96,45.1
2026-02-25 1:04,0.7532,13.94,45.15
2026-02-25 1:05,0.7539,13.96,44.95
2026-02-25 1:06,0.7546,13.96,45.36
2026-02-25 1:07,0.7553,13.95,45.36
2026-02-25 1:08,0.756,13.96,45.38
2026-02-25 1:09,0.7567,13.92,45.63
2026-02-25 1:10,0.7574,13.9,47.12
2026-02-25 1:11,0.7581,14.03,47.03
2026-02-25 1:12,0.7588,14.01,45.72
2026-02-25 1:13,0.7595,13.91,46.33
2026-02-25 1:14,0.7602,13.83,46.66
2026-02-25 1:15,0.7609,13.84,46.78
2026-02-25 1:16,0.7616,13.8,46.68
2026-02-25 1:17,0.7623,13.8,47.32
2026-02-25 1:18,0.763,13.81,46.82
2026-02-25 1:19,0.7637,13.88,46.72
2026-02-25 1:20,0.7644,13.86,46.92
2026-02-25 1:21,0.765,13.86,47.37
2026-02-25 1:22,0.7657,13.94,48.27
2026-02-25 1:23,0.7664,13.99,47.66
2026-02-25 1:24,0.7671,13.99,46.95
2026-02-25 1:25,0.7678,13.87,47.03
2026-02-25 1:26,0.7685,13.83,47.42
2026-02-25 1:27,0.7692,13.76,48.91
2026-02-25 1:28,0.7699,13.81,48.18
2026-02-25 1:29,0.7706,13.8,47.01
2026-02-25 1:30,0.7713,13.84,46.67
2026-02-25 1:31,0.772,13.89,47.25
2026-02-25 1:32,0.7727,13.94,46.42
2026-02-25 1:33,0.7734,13.82,48
2026-02-25 1:34,0.7741,13.81,48
2026-02-25 1:35,0.7748,13.75,46.87
2026-02-25 1:36,0.7755,13.83,46.71
2026-02-25 1:37,0.7762,13.75,46.82
2026-02-25 1:38,0.7769,13.75,46.78
2026-02-25 1:39,0.7776,13.77,47.26
2026-02-25 1:40,0.7783,13.7,46.94
2026-02-25 1:41,0.7789,13.66,48.1
2026-02-25 1:42,0.7796,13.67,47.19
2026-02-25 1:43,0.7803,13.74,47.1
2026-02-25 1:44,0.781,13.74,46.71
2026-02-25 1:45,0.7817,13.8,47.12
2026-02-25 1:46,0.7824,13.94,46.01
2026-02-25 1:47,0.7831,13.79,46.64
2026-02-25 1:48,0.7838,13.69,46.9
2026-02-25 1:49,0.7845,13.71,47.02
2026-02-25 1:50,0.7852,13.76,46.6
2026-02-25 1:51,0.7859,13.84,46.77
2026-02-25 1:52,0.7866,13.98,46.9
2026-02-25 1:53,0.7873,14.01,46.01
2026-02-25 1:54,0.788,13.82,45.63
2026-02-25 1:55,0.7887,13.65,45.83
2026-02-25 1:56,0.7894,13.69,45.42
2026-02-25 1:57,0.7901,13.64,45.8
2026-02-25 1:58,0.7908,13.62,45.41
2026-02-25 1:59,0.7915,13.75,45.11
2026-02-25 2:00,0.7922,13.7,44.98
2026-02-25 2:01,0.7928,13.74,44.96
2026-02-25 2:02,0.7935,13.72,45.35
2026-02-25 2:03,0.7942,13.8,44.55
2026-02-25 2:04,0.7949,13.88,44.14
2026-02-25 2:05,0.7956,13.84,44.27
2026-02-25 2:06,0.7963,13.73,44.58
2026-02-25 2:07,0.797,13.57,45.08
2026-02-25 2:08,0.7977,13.54,45.79
2026-02-25 2:09,0.7984,13.67,47.26
2026-02-25 2:10,0.7991,13.72,46.1
2026-02-25 2:11,0.7998,13.61,45.96
2026-02-25 2:12,0.8005,13.64,46.71
2026-02-25 2:13,0.8012,13.54,45.37
2026-02-25 2:14,0.8019,13.54,44.94
2026-02-25 2:15,0.8026,13.51,45.36
2026-02-25 2:16,0.8033,13.6,45.09
2026-02-25 2:17,0.804,13.54,45.31
2026-02-25 2:18,0.8047,13.53,45.34
2026-02-25 2:19,0.8054,13.43,46.47
2026-02-25 2:20,0.8061,13.59,45.2
2026-02-25 2:21,0.8067,13.6,45.34
2026-02-25 2:22,0.8074,13.66,46.17
2026-02-25 2:23,0.8081,13.74,45.1
2026-02-25 2:24,0.8088,13.72,45.34
2026-02-25 2:25,0.8095,13.7,45.62
2026-02-25 2:26,0.8102,13.75,45.39
2026-02-25 2:27,0.8109,13.89,44.73
2026-02-25 2:28,0.8116,13.79,46.38
2026-02-25 2:29,0.8123,13.62,45.69
2026-02-25 2:30,0.813,13.62,46.81
2026-02-25 2:31,0.8137,13.53,45.65
2026-02-25 2:32,0.8144,13.42,46.49
2026-02-25 2:33,0.8151,13.28,47.85
2026-02-25 2:34,0.8158,13.14,47.7
2026-02-25 2:35,0.8165,13.11,48.77
2026-02-25 2:36,0.8172,13.17,47.73
2026-02-25 2:37,0.8179,13.22,47.66
2026-02-25 2:38,0.8186,13.28,47.36
2026-02-25 2:39,0.8193,13.1,48.15
2026-02-25 2:40,0.82,13.06,47.38
2026-02-25 2:41,0.8207,13.08,47.74
2026-02-25 2:42,0.8214,13.12,48.41
2026-02-25 2:43,0.822,13.1,48.36
2026-02-25 2:44,0.8227,13.13,47.64
2026-02-25 2:45,0.8234,13.15,48.36
2026-02-25 2:46,0.8241,13.22,49.2
2026-02-25 2:47,0.8248,13.26,47.54
2026-02-25 2:48,0.8255,13.29,47.37
2026-02-25 2:49,0.8262,13.39,47.22
2026-02-25 2:50,0.8269,13.05,48.77
2026-02-25 2:51,0.8276,12.93,48.9
2026-02-25 2:52,0.8283,12.87,49.3
2026-02-25 2:53,0.829,12.88,49.17
2026-02-25 2:54,0.8297,12.98,48.6
2026-02-25 2:55,0.8304,12.99,48.14
2026-02-25 2:56,0.8311,12.98,48.36
2026-02-25 2:57,0.8318,12.95,48.61
2026-02-25 2:58,0.8325,12.95,48.43
2026-02-25 2:59,0.8332,12.95,48.58
2026-02-25 3:00,0.8339,12.88,48.7
2026-02-25 3:01,0.8346,12.77,48.92
2026-02-25 3:02,0.8353,12.67,48.97
2026-02-25 3:03,0.8359,12.7,48.83
2026-02-25 3:04,0.8366,12.72,48.61
2026-02-25 3:05,0.8373,12.68,48.74
2026-02-25 3:06,0.838,12.66,48.75
2026-02-25 3:07,0.8387,12.63,48.7
2026-02-25 3:08,0.8394,12.67,48.8
2026-02-25 3:09,0.8401,12.65,48.62
2026-02-25 3:10,0.8408,12.69,48.62
2026-02-25 3:11,0.8415,12.6,48.7
2026-02-25 3:12,0.8422,12.58,48.95
2026-02-25 3:13,0.8429,12.52,49.16
2026-02-25 3:14,0.8436,12.57,49.35
2026-02-25 3:15,0.8443,12.6,49.37
2026-02-25 3:16,0.845,12.54,49.3
2026-02-25 3:17,0.8457,12.58,49.12
2026-02-25 3:18,0.8464,12.59,49.81
2026-02-25 3:19,0.8471,12.67,48.84
2026-02-25 3:20,0.8478,12.63,49.25
2026-02-25 3:21,0.8485,12.64,48.94
2026-02-25 3:22,0.8492,12.65,48.14
2026-02-25 3:23,0.8498,12.6,48.5
2026-02-25 3:24,0.8505,12.57,48.92
2026-02-25 3:25,0.8512,12.64,50.02
2026-02-25 3:26,0.8519,12.61,48.95
2026-02-25 3:27,0.8526,12.58,49.08
2026-02-25 3:28,0.8533,12.43,49.55
2026-02-25 3:29,0.854,12.39,49.81
2026-02-25 3:30,0.8547,12.46,49.57
2026-02-25 3:31,0.8554,12.5,49.44
2026-02-25 3:32,0.8561,12.49,49.35
2026-02-25 3:33,0.8568,12.44,49.87
2026-02-25 3:34,0.8575,12.24,51.16
2026-02-25 3:35,0.8582,12.16,50.89
2026-02-25 3:36,0.8589,12.19,50.5
2026-02-25 3:37,0.8596,12.29,50.13
2026-02-25 3:38,0.8603,12.38,49.7
2026-02-25 3:39,0.861,12.51,49.84
2026-02-25 3:40,0.8617,12.48,49.6
2026-02-25 3:41,0.8624,12.41,50.12
2026-02-25 3:42,0.8631,12.36,50.3
2026-02-25 3:43,0.8638,12.45,49.53
2026-02-25 3:44,0.8644,12.36,50.3
2026-02-25 3:45,0.8651,12.32,50.25
2026-02-25 3:46,0.8658,12.38,49.31
2026-02-25 3:47,0.8665,12.46,48.53
2026-02-25 3:48,0.8672,12.44,48.71
2026-02-25 3:49,0.8679,12.52,47.8
2026-02-25 3:50,0.8686,12.51,48
2026-02-25 3:51,0.8693,12.5,48.12
2026-02-25 3:52,0.87,12.49,48
2026-02-25 3:53,0.8707,12.57,48
2026-02-25 3:54,0.8714,12.57,48.13
2026-02-25 3:55,0.8721,12.52,48.34
2026-02-25 3:56,0.8728,12.54,48.02
2026-02-25 3:57,0.8735,12.59,47.64
2026-02-25 3:58,0.8742,12.42,48.6
2026-02-25 3:59,0.8749,12.3,49.82
2026-02-25 4:00,0.8756,12.45,48.3
2026-02-25 4:01,0.8763,12.54,48.35
2026-02-25 4:02,0.877,12.41,49.59
2026-02-25 4:03,0.8777,12.29,50.18
2026-02-25 4:04,0.8783,12.36,49.51
2026-02-25 4:05,0.879,12.46,48.46
2026-02-25 4:06,0.8797,12.58,48.1
2026-02-25 4:07,0.8804,12.68,47.9
2026-02-25 4:08,0.8811,12.67,47.81
2026-02-25 4:09,0.8818,12.63,48.04
2026-02-25 4:10,0.8825,12.54,48.51
2026-02-25 4:11,0.8832,12.53,49.8
2026-02-25 4:12,0.8839,12.49,48.79
2026-02-25 4:13,0.8846,12.39,49.62
2026-02-25 4:14,0.8853,12.4,49.5
2026-02-25 4:15,0.886,12.37,49.78
2026-02-25 4:16,0.8867,12.4,50.08
2026-02-25 4:17,0.8874,12.4,50.09
2026-02-25 4:18,0.8881,12.25,50.55
2026-02-25 4:19,0.8888,12.26,50.54
2026-02-25 4:20,0.8895,12.25,50.66
2026-02-25 4:21,0.8902,12.28,50.66
2026-02-25 4:22,0.8909,12.27,50.45
2026-02-25 4:23,0.8916,12.28,50.92
2026-02-25 4:24,0.8923,12.18,50.55
2026-02-25 4:25,0.893,12.34,50.39
2026-02-25 4:26,0.8936,12.36,50.26
2026-02-25 4:27,0.8943,12.22,53.09
2026-02-25 4:28,0.895,12.18,52.89
2026-02-25 4:29,0.8957,12.13,51.23
2026-02-25 4:30,0.8964,12.22,50.14
2026-02-25 4:31,0.8971,12.36,49.42
2026-02-25 4:32,0.8978,12.34,50.77
2026-02-25 4:33,0.8985,12.33,50.86
2026-02-25 4:34,0.8992,12.42,49.42
2026-02-25 4:35,0.8999,12.31,49.78
2026-02-25 4:36,0.9006,12.45,49.33
2026-02-25 4:37,0.9013,12.36,50.26
2026-02-25 4:38,0.902,12.43,50.49
2026-02-25 4:39,0.9027,12.43,49.96
2026-02-25 4:40,0.9034,12.45,49.7
2026-02-25 4:41,0.9041,12.54,49.78
2026-02-25 4:42,0.9048,12.55,48.9
2026-02-25 4:43,0.9055,12.49,50.07
2026-02-25 4:44,0.9062,12.21,51.2
2026-02-25 4:45,0.9069,12.16,50.57
2026-02-25 4:46,0.9075,12.43,49.37
2026-02-25 4:47,0.9082,12.38,49.98
2026-02-25 4:48,0.9089,12.44,49.2
2026-02-25 4:49,0.9096,12.51,48.66
2026-02-25 4:50,0.9103,12.64,48.73
2026-02-25 4:51,0.911,12.65,48.4
2026-02-25 4:52,0.9117,12.56,48.5
2026-02-25 4:53,0.9124,12.59,48.18
2026-02-25 4:54,0.9131,12.47,48.94
2026-02-25 4:55,0.9138,12.44,49.62
2026-02-25 4:56,0.9145,12.49,48.92
2026-02-25 4:57,0.9152,12.53,48.44
2026-02-25 4:58,0.9159,12.57,48.65
2026-02-25 4:59,0.9166,12.61,49.08
2026-02-25 5:00,0.9173,12.56,48.74
2026-02-25 5:01,0.918,12.48,49.07
2026-02-25 5:02,0.9187,12.28,50.39
2026-02-25 5:03,0.9194,12.06,51.25
2026-02-25 5:04,0.9201,12.06,51.21
2026-02-25 5:05,0.9208,12.07,50.86
2026-02-25 5:06,0.9214,12.17,50.63
2026-02-25 5:07,0.9221,12.11,51.65
2026-02-25 5:08,0.9228,11.9,52.29
2026-02-25 5:09,0.9235,11.81,52.51
2026-02-25 5:10,0.9242,11.84,53.04
2026-02-25 5:11,0.9249,11.99,51.08
2026-02-25 5:12,0.9256,12.11,50.27
2026-02-25 5:13,0.9263,12.2,49.92
2026-02-25 5:14,0.927,12.19,49.93
2026-02-25 5:15,0.9277,12.14,50.31
2026-02-25 5:16,0.9284,12.11,51.2
2026-02-25 5:17,0.9291,12.2,51.49
2026-02-25 5:18,0.9298,12.35,49.44
2026-02-25 5:19,0.9305,12.47,50.1
2026-02-25 5:20,0.9312,12.37,49.68
2026-02-25 5:21,0.9319,12.31,50.86
2026-02-25 5:22,0.9326,12.2,50.12
2026-02-25 5:23,0.9333,12.19,50.22
2026-02-25 5:24,0.934,12.11,50.84
2026-02-25 5:25,0.9347,12.16,51.53
2026-02-25 5:26,0.9353,12.02,51.85
2026-02-25 5:27,0.936,12.15,50.29
2026-02-25 5:28,0.9367,12.27,49.46
2026-02-25 5:29,0.9374,12.42,49.05
2026-02-25 5:30,0.9381,12.27,50.48
2026-02-25 5:31,0.9388,12.21,49.88
2026-02-25 5:32,0.9395,12.36,49.36
2026-02-25 5:33,0.9402,12.23,51.02
2026-02-25 5:34,0.9409,11.97,51.71
2026-02-25 5:35,0.9416,11.92,52.39
2026-02-25 5:36,0.9423,11.99,51.59
2026-02-25 5:37,0.943,12.03,51.68
2026-02-25 5:38,0.9437,12.12,51.31
2026-02-25 5:39,0.9444,12.05,52.28
2026-02-25 5:40,0.9451,11.98,51.45
2026-02-25 5:41,0.9458,12.12,50.98
2026-02-25 5:42,0.9465,12.06,51.32
2026-02-25 5:43,0.9472,12,51.54
2026-02-25 5:44,0.9479,11.92,51.88
2026-02-25 5:45,0.9486,11.92,51.89
2026-02-25 5:46,0.9492,11.98,51.59
2026-02-25 5:47,0.9499,12.02,51.55
2026-02-25 5:48,0.9506,12,51.52
2026-02-25 5:49,0.9513,12.04,51.36
2026-02-25 5:50,0.952,12.1,51.61
2026-02-25 5:51,0.9527,12.25,50.72
2026-02-25 5:52,0.9534,12.23,50.5
2026-02-25 5:53,0.9541,12.07,50.94
2026-02-25 5:54,0.9548,12.04,50.9
2026-02-25 5:55,0.9555,11.92,50.96
2026-02-25 5:56,0.9562,11.88,51.37
2026-02-25 5:57,0.9569,11.95,50.78
2026-02-25 5:58,0.9576,11.87,51.02
2026-02-25 5:59,0.9583,11.89,51.04
2026-02-25 6:00,0.959,11.71,51.92
2026-02-25 6:01,0.9597,11.59,52.51
2026-02-25 6:02,0.9604,11.54,52.56
2026-02-25 6:03,0.9611,11.54,52.18
2026-02-25 6:04,0.9618,11.64,51.97
2026-02-25 6:05,0.9625,11.57,52.07
2026-02-25 6:06,0.9632,11.63,53.29
2026-02-25 6:07,0.9639,11.77,52.09
2026-02-25 6:08,0.9645,11.88,51.55
2026-02-25 6:09,0.9652,11.84,51.21
2026-02-25 6:10,0.9659,11.82,50.87
2026-02-25 6:11,0.9666,11.76,51.08
2026-02-25 6:12,0.9673,11.76,51.24
2026-02-25 6:13,0.968,11.75,50.86
2026-02-25 6:14,0.9687,11.72,51.07
2026-02-25 6:15,0.9694,11.68,51.08
2026-02-25 6:16,0.9701,11.77,50.98
2026-02-25 6:17,0.9708,11.83,50.5
2026-02-25 6:18,0.9715,11.79,51.05
2026-02-25 6:19,0.9722,11.94,50.26
2026-02-25 6:20,0.9729,11.96,50.41
2026-02-25 6:21,0.9736,11.91,50.46
2026-02-25 6:22,0.9743,11.85,51.24
2026-02-25 6:23,0.975,11.84,51.43
2026-02-25 6:24,0.9757,11.96,50.8
2026-02-25 6:25,0.9764,12,50.57
2026-02-25 6:26,0.9771,11.89,51.07
2026-02-25 6:27,0.9778,11.8,51.24
2026-02-25 6:28,0.9784,11.79,51.43
2026-02-25 6:29,0.9791,11.82,51.12
2026-02-25 6:30,0.9798,11.87,50.72
2026-02-25 6:31,0.9805,11.93,51.01
2026-02-25 6:32,0.9812,11.92,51.14
2026-02-25 6:33,0.9819,11.9,51.48
2026-02-25 6:34,0.9826,11.93,51.43
2026-02-25 6:35,0.9833,12.02,51.19
2026-02-25 6:36,0.984,12.06,50.66
2026-02-25 6:37,0.9847,11.93,50.85
2026-02-25 6:38,0.9854,11.87,51.15
2026-02-25 6:39,0.9861,11.85,51.41
2026-02-25 6:40,0.9868,11.9,51.46
2026-02-25 6:41,0.9875,12.1,51.11
2026-02-25 6:42,0.9882,12.21,50.63
2026-02-25 6:43,0.9889,12.18,50.67
2026-02-25 6:44,0.9896,12.2,50.78
2026-02-25 6:45,0.9903,12.34,50.43
2026-02-25 6:46,0.991,12.32,50.43
2026-02-25 6:47,0.9917,12.35,50.42
2026-02-25 6:48,0.9923,12.37,50.05
2026-02-25 6:49,0.993,12.33,50.1
2026-02-25 6:50,0.9937,12.3,50.25
2026-02-25 6:51,0.9944,12.31,50.27
2026-02-25 6:52,0.9951,12.37,50.15
2026-02-25 6:53,0.9958,12.39,50.28
2026-02-25 6:54,0.9965,12.48,49.99
2026-02-25 6:55,0.9972,12.45,50.21
2026-02-25 6:56,0.9979,12.4,50.57
2026-02-25 6:57,0.9986,12.2,51
2026-02-25 6:59,0.9993,12.14,51.17
2026-02-25 7:00,0,12.1,51.14
2026-02-25 7:01,0.0007,12.06,51.11
2026-02-25 7:02,0.0014,12.08,51.1
2026-02-25 7:03,0.0021,12.24,50.72
2026-02-25 7:04,0.0028,12.37,50.35
2026-02-25 7:05,0.0035,12.46,49.98
2026-02-25 7:06,0.0042,12.51,49.73
2026-02-25 7:07,0.0049,12.51,49.62
2026-02-25 7:08,0.0056,12.61,49.46
2026-02-25 7:09,0.0063,12.69,49.71
2026-02-25 7:10,0.0069,12.62,49.62
2026-02-25 7:11,0.0076,12.63,49.57
2026-02-25 7:12,0.0083,12.69,49.98
2026-02-25 7:13,0.009,12.83,49.74
2026-02-25 7:14,0.0097,12.76,50.03
2026-02-25 7:15,0.0104,12.8,49.98
2026-02-25 7:16,0.0111,12.86,50.03
2026-02-25 7:17,0.0118,12.77,49.97
2026-02-25 7:18,0.0125,12.54,50.58
2026-02-25 7:19,0.0132,12.53,51.23
2026-02-25 7:20,0.0139,12.59,51.18
2026-02-25 7:21,0.0146,12.74,49.95
2026-02-25 7:22,0.0153,12.9,49.81
2026-02-25 7:23,0.016,13.04,49.14
2026-02-25 7:24,0.0167,13.1,48.98
2026-02-25 7:25,0.0174,13.13,48.32
2026-02-25 7:26,0.0181,13.21,48.49
2026-02-25 7:27,0.0188,13.2,48.61
2026-02-25 7:28,0.0195,13.23,48.82
2026-02-25 7:29,0.0202,13.24,49.27
2026-02-25 7:30,0.0208,13.42,49.2
2026-02-25 7:31,0.0215,13.39,48.57
2026-02-25 7:32,0.0222,13.46,48.46
2026-02-25 7:33,0.0229,13.51,48.1
2026-02-25 7:34,0.0236,13.52,48.06
2026-02-25 7:35,0.0243,13.48,48.13
2026-02-25 7:36,0.025,13.42,48.39
2026-02-25 7:37,0.0257,13.4,48.64
2026-02-25 7:38,0.0264,13.37,48.74
2026-02-25 7:39,0.0271,13.4,49.22
2026-02-25 7:40,0.0278,13.31,49.41
2026-02-25 7:41,0.0285,13.34,49.27
2026-02-25 7:42,0.0292,13.51,49.18
2026-02-25 7:43,0.0299,13.55,48.57
2026-02-25 7:44,0.0306,13.64,48.25
2026-02-25 7:45,0.0313,13.79,48.45
2026-02-25 7:46,0.032,13.92,47.49
2026-02-25 7:47,0.0327,14.14,46.14
2026-02-25 7:48,0.0334,14.16,45.96
2026-02-25 7:49,0.0341,14.24,46.56
2026-02-25 7:50,0.0347,14.35,46.03
2026-02-25 7:51,0.0355,14.39,47.05
2026-02-25 7:52,0.0361,14.45,47.35
2026-02-25 7:53,0.0368,14.36,46.67
2026-02-25 7:54,0.0375,14.38,46.51
2026-02-25 7:55,0.0382,14.35,46.09
2026-02-25 7:56,0.0389,14.47,46.24
2026-02-25 7:57,0.0396,14.63,45.85
2026-02-25 7:58,0.0403,14.58,44.82
2026-02-25 7:59,0.041,14.65,44.94
2026-02-25 8:00,0.0417,14.68,44.49
2026-02-25 8:01,0.0424,14.69,44.61
2026-02-25 8:02,0.0431,14.7,44.66
2026-02-25 8:03,0.0438,14.82,44.49
2026-02-25 8:04,0.0445,14.82,44.21
2026-02-25 8:05,0.0452,14.76,44.57
2026-02-25 8:06,0.0459,14.81,44.2
2026-02-25 8:07,0.0466,14.93,43.96
2026-02-25 8:08,0.0473,14.92,44.16
2026-02-25 8:09,0.048,14.93,43.99
2026-02-25 8:10,0.0487,14.9,44.11
2026-02-25 8:11,0.0494,14.95,44.07
2026-02-25 8:12,0.05,14.98,44.1
2026-02-25 8:13,0.0507,15.12,43.59
2026-02-25 8:14,0.0514,15.24,43.5
2026-02-25 8:15,0.0521,15.31,43.35
2026-02-25 8:16,0.0528,15.44,43.34
2026-02-25 8:17,0.0535,15.41,43.45
2026-02-25 8:18,0.0542,15.34,43.64
2026-02-25 8:19,0.0549,15.46,43.66
2026-02-25 8:20,0.0556,15.51,43.77
2026-02-25 8:21,0.0563,15.49,43.54
2026-02-25 8:22,0.057,15.39,43.72
2026-02-25 8:23,0.0577,15.54,43.49
2026-02-25 8:24,0.0584,15.66,43.29
2026-02-25 8:25,0.0591,15.66,43.3
2026-02-25 8:26,0.0598,15.78,43.21
2026-02-25 8:27,0.0605,15.83,43.07
2026-02-25 8:28,0.0612,15.85,43.11
2026-02-25 8:29,0.0619,16.02,42.7
2026-02-25 8:30,0.0626,16.01,42.66
2026-02-25 8:31,0.0633,16.07,42.26
